Processing request of type ListToolsRequest
Processing request of type ListToolsRequest
Processing request of type CallToolRequest
Processing request of type CallToolRequest
Processing request of type CallToolRequest
[DEBUG] _map_requirements_to_catalog: mapping 4 items
[DEBUG] _search_product_direct: Querying 'Product Name' (STRICT) -> SELECT Id, Name, ProductCode, Family FROM Product2 WHERE (Name LIKE '%Product%' AND Name LIKE '%Name%') AND IsActive = true LIMIT 5
[DEBUG] _search_product_direct: Fallback Querying 'Product Name' (LOOSE) -> SELECT Id, Name, ProductCode, Family FROM Product2 WHERE (Name LIKE '%Product%' OR Name LIKE '%Name%') AND IsActive = true LIMIT 5
[DEBUG] _search_product_direct: Found 3 matches for 'Product Name'
[DEBUG] _search_product_direct: Querying 'Standard User' (STRICT) -> SELECT Id, Name, ProductCode, Family FROM Product2 WHERE (Name LIKE '%Standard%' AND Name LIKE '%User%') AND IsActive = true LIMIT 5
[DEBUG] _search_product_direct: Found 1 matches for 'Standard User'
[DEBUG] _search_product_direct: Querying 'Observability' (STRICT) -> SELECT Id, Name, ProductCode, Family FROM Product2 WHERE (Name LIKE '%Observability%') AND IsActive = true LIMIT 5
[DEBUG] _search_product_direct: Found 1 matches for 'Observability'
[DEBUG] _search_product_direct: Querying 'Automation & Orchestration' (STRICT) -> SELECT Id, Name, ProductCode, Family FROM Product2 WHERE (Name LIKE '%Automation%' AND Name LIKE '%Orchestration%') AND IsActive = true LIMIT 5
[DEBUG] _search_product_direct: Found 1 matches for 'Automation & Orchestration'
[DEBUG] Mapping complete — 6 unique products found
Tool already exists: get_quote_preview
Tool already exists: get_my_accounts
Tool already exists: get_opportunities_for_account
[DEBUG] _map_requirements_to_catalog: mapping 1 items
[DEBUG] Mapping complete — 1 unique products found
[DEBUG] _map_requirements_to_catalog: mapping 1 items
[DEBUG] Mapping complete — 3 unique products found
Traceback (most recent call last):
  File "C:\Agivant Projects\Agentic Accelerator\Shashank code\ADK\rca-agentic-backend-clean\scratch\test_matching.py", line 88, in <module>
    run_test()
  File "C:\Agivant Projects\Agentic Accelerator\Shashank code\ADK\rca-agentic-backend-clean\scratch\test_matching.py", line 85, in run_test
    print("\n✅ ALL TESTS PASSED SUCCESSFULLY!")
  File "C:\Users\admin\AppData\Local\Programs\Python\Python312\Lib\encodings\cp1252.py", line 19, in encode
    return codecs.charmap_encode(input,self.errors,encoding_table)[0]
           ^^^^^^^^^^^^^^^^^^^^^^^^^^^^^^^^^^^^^^^^^^^^^^^^^^^^^^^
UnicodeEncodeError: 'charmap' codec can't encode character '\u2705' in position 2: character maps to <undefined>
Tool already exists: get_quote_preview
Tool already exists: get_my_accounts
Tool already exists: get_opportunities_for_account
[DEBUG] _map_requirements_to_catalog: mapping 1 items
[DEBUG] Mapping complete — 1 unique products found
[DEBUG] _map_requirements_to_catalog: mapping 1 items
[DEBUG] Mapping complete — 3 unique products found
Processing request of type ListToolsRequest
Processing request of type ListToolsRequest
Processing request of type CallToolRequest
Processing request of type CallToolRequest
Processing request of type CallToolRequest
[DEBUG] _map_requirements_to_catalog: mapping 4 items
[DEBUG] _search_product_direct: Querying 'Product Name' (STRICT) -> SELECT Id, Name, ProductCode, Family FROM Product2 WHERE (Name LIKE '%Product%' AND Name LIKE '%Name%') AND IsActive = true LIMIT 5
[DEBUG] _search_product_direct: Fallback Querying 'Product Name' (LOOSE) -> SELECT Id, Name, ProductCode, Family FROM Product2 WHERE (Name LIKE '%Product%' OR Name LIKE '%Name%') AND IsActive = true LIMIT 5
[DEBUG] _search_product_direct: Found 2 matches for 'Product Name'
[DEBUG] _search_product_direct: Querying 'Standard User' (STRICT) -> SELECT Id, Name, ProductCode, Family FROM Product2 WHERE (Name LIKE '%Standard%' AND Name LIKE '%User%') AND IsActive = true LIMIT 5
[DEBUG] _search_product_direct: Found 1 matches for 'Standard User'
[DEBUG] _search_product_direct: Querying 'Observability' (STRICT) -> SELECT Id, Name, ProductCode, Family FROM Product2 WHERE (Name LIKE '%Observability%') AND IsActive = true LIMIT 5
[DEBUG] _search_product_direct: Found 1 matches for 'Observability'
[DEBUG] _search_product_direct: Querying 'Automation & Orchestration' (STRICT) -> SELECT Id, Name, ProductCode, Family FROM Product2 WHERE (Name LIKE '%Automation%' AND Name LIKE '%Orchestration%') AND IsActive = true LIMIT 5
[DEBUG] _search_product_direct: Found 1 matches for 'Automation & Orchestration'
[DEBUG] Mapping complete — 5 unique products found
Tool already exists: get_quote_preview
Tool already exists: get_my_accounts
Tool already exists: get_opportunities_for_account
[DEBUG] _map_requirements_to_catalog: mapping 1 items
[DEBUG] Mapping complete — 1 unique products found
[DEBUG] _map_requirements_to_catalog: mapping 1 items
[DEBUG] Mapping complete — 3 unique products found
[DEBUG] _map_requirements_to_catalog: mapping 1 items
[DEBUG] Mapping complete — 1 unique products found
Processing request of type ListToolsRequest
[DEBUG] _map_requirements_to_catalog: mapping 3 items
[DEBUG] _search_product_direct: Querying 'Standard User' (STRICT) -> SELECT Id, Name, ProductCode, Family FROM Product2 WHERE (Name LIKE '%Standard%' AND Name LIKE '%User%') AND IsActive = true LIMIT 5
[DEBUG] _search_product_direct: Found 1 matches for 'Standard User'
[DEBUG] _search_product_direct: Querying 'Observability' (STRICT) -> SELECT Id, Name, ProductCode, Family FROM Product2 WHERE (Name LIKE '%Observability%') AND IsActive = true LIMIT 5
[DEBUG] _search_product_direct: Found 1 matches for 'Observability'
[DEBUG] _search_product_direct: Querying 'Automation & Orchestration' (STRICT) -> SELECT Id, Name, ProductCode, Family FROM Product2 WHERE (Name LIKE '%Automation%' AND Name LIKE '%Orchestration%') AND IsActive = true LIMIT 5
[DEBUG] _search_product_direct: Found 1 matches for 'Automation & Orchestration'
[DEBUG] Mapping complete — 3 unique products found
Processing request of type ListToolsRequest
Processing request of type CallToolRequest
Processing request of type CallToolRequest
Processing request of type CallToolRequest
[DEBUG] _map_requirements_to_catalog: mapping 3 items
[DEBUG] _search_product_direct: Querying 'Standard User' (STRICT) -> SELECT Id, Name, ProductCode, Family FROM Product2 WHERE (Name LIKE '%Standard%' AND Name LIKE '%User%') AND IsActive = true LIMIT 5
[DEBUG] _search_product_direct: Found 1 matches for 'Standard User'
[DEBUG] _search_product_direct: Querying 'Observability' (STRICT) -> SELECT Id, Name, ProductCode, Family FROM Product2 WHERE (Name LIKE '%Observability%') AND IsActive = true LIMIT 5
[DEBUG] _search_product_direct: Found 1 matches for 'Observability'
[DEBUG] _search_product_direct: Querying 'Automation & Orchestration' (STRICT) -> SELECT Id, Name, ProductCode, Family FROM Product2 WHERE (Name LIKE '%Automation%' AND Name LIKE '%Orchestration%') AND IsActive = true LIMIT 5
[DEBUG] _search_product_direct: Found 1 matches for 'Automation & Orchestration'
[DEBUG] Mapping complete — 3 unique products found
Processing request of type ListToolsRequest
[DEBUG] _map_requirements_to_catalog: mapping 3 items
[DEBUG] _search_product_direct: Querying 'Standard User' (STRICT) -> SELECT Id, Name, ProductCode, Family FROM Product2 WHERE (Name LIKE '%Standard%' AND Name LIKE '%User%') AND IsActive = true LIMIT 5
[DEBUG] _search_product_direct: Found 1 matches for 'Standard User'
[DEBUG] _search_product_direct: Querying 'Observability' (STRICT) -> SELECT Id, Name, ProductCode, Family FROM Product2 WHERE (Name LIKE '%Observability%') AND IsActive = true LIMIT 5
[DEBUG] _search_product_direct: Found 1 matches for 'Observability'
[DEBUG] _search_product_direct: Querying 'Automation & Orchestration' (STRICT) -> SELECT Id, Name, ProductCode, Family FROM Product2 WHERE (Name LIKE '%Automation%' AND Name LIKE '%Orchestration%') AND IsActive = true LIMIT 5
[DEBUG] _search_product_direct: Found 1 matches for 'Automation & Orchestration'
[DEBUG] Mapping complete — 3 unique products found
Processing request of type ListToolsRequest
Processing request of type CallToolRequest
Processing request of type CallToolRequest
Processing request of type CallToolRequest
[DEBUG] _map_requirements_to_catalog: mapping 3 items
[DEBUG] _search_product_direct: Querying 'Standard User' (STRICT) -> SELECT Id, Name, ProductCode, Family FROM Product2 WHERE (Name LIKE '%Standard%' AND Name LIKE '%User%') AND IsActive = true LIMIT 5
[DEBUG] _search_product_direct: Found 1 matches for 'Standard User'
[DEBUG] _search_product_direct: Querying 'Observability' (STRICT) -> SELECT Id, Name, ProductCode, Family FROM Product2 WHERE (Name LIKE '%Observability%') AND IsActive = true LIMIT 5
[DEBUG] _search_product_direct: Found 1 matches for 'Observability'
[DEBUG] _search_product_direct: Querying 'Automation & Orchestration' (STRICT) -> SELECT Id, Name, ProductCode, Family FROM Product2 WHERE (Name LIKE '%Automation%' AND Name LIKE '%Orchestration%') AND IsActive = true LIMIT 5
[DEBUG] _search_product_direct: Found 1 matches for 'Automation & Orchestration'
[DEBUG] Mapping complete — 3 unique products found
Processing request of type ListToolsRequest
[DEBUG] _map_requirements_to_catalog: mapping 3 items
[DEBUG] _search_product_direct: Querying 'Standard User' (STRICT) -> SELECT Id, Name, ProductCode, Family FROM Product2 WHERE (Name LIKE '%Standard%' AND Name LIKE '%User%') AND IsActive = true LIMIT 5
[DEBUG] _search_product_direct: Found 1 matches for 'Standard User'
[DEBUG] _search_product_direct: Querying 'Observability' (STRICT) -> SELECT Id, Name, ProductCode, Family FROM Product2 WHERE (Name LIKE '%Observability%') AND IsActive = true LIMIT 5
[DEBUG] _search_product_direct: Found 1 matches for 'Observability'
[DEBUG] _search_product_direct: Querying 'Automation & Orchestration' (STRICT) -> SELECT Id, Name, ProductCode, Family FROM Product2 WHERE (Name LIKE '%Automation%' AND Name LIKE '%Orchestration%') AND IsActive = true LIMIT 5
[DEBUG] _search_product_direct: Found 1 matches for 'Automation & Orchestration'
[DEBUG] Mapping complete — 3 unique products found
Processing request of type ListToolsRequest
Processing request of type ListToolsRequest
[DEBUG] _map_requirements_to_catalog: mapping 3 items
[DEBUG] _search_product_direct: Querying 'Standard User' (STRICT) -> SELECT Id, Name, ProductCode, Family FROM Product2 WHERE (Name LIKE '%Standard%' AND Name LIKE '%User%') AND IsActive = true LIMIT 5
[DEBUG] _search_product_direct: Found 1 matches for 'Standard User'
[DEBUG] _search_product_direct: Querying 'Observability' (STRICT) -> SELECT Id, Name, ProductCode, Family FROM Product2 WHERE (Name LIKE '%Observability%') AND IsActive = true LIMIT 5
[DEBUG] _search_product_direct: Found 1 matches for 'Observability'
[DEBUG] _search_product_direct: Querying 'Automation & Orchestration' (STRICT) -> SELECT Id, Name, ProductCode, Family FROM Product2 WHERE (Name LIKE '%Automation%' AND Name LIKE '%Orchestration%') AND IsActive = true LIMIT 5
[DEBUG] _search_product_direct: Found 1 matches for 'Automation & Orchestration'
[DEBUG] Mapping complete — 3 unique products found
Processing request of type ListToolsRequest
[DEBUG] _map_requirements_to_catalog: mapping 3 items
[DEBUG] _search_product_direct: Querying 'Standard User' (STRICT) -> SELECT Id, Name, ProductCode, Family FROM Product2 WHERE (Name LIKE '%Standard%' AND Name LIKE '%User%') AND IsActive = true LIMIT 5
[DEBUG] _search_product_direct: Found 1 matches for 'Standard User'
[DEBUG] _search_product_direct: Querying 'Observability' (STRICT) -> SELECT Id, Name, ProductCode, Family FROM Product2 WHERE (Name LIKE '%Observability%') AND IsActive = true LIMIT 5
[DEBUG] _search_product_direct: Found 1 matches for 'Observability'
[DEBUG] _search_product_direct: Querying 'Automation & Orchestration' (STRICT) -> SELECT Id, Name, ProductCode, Family FROM Product2 WHERE (Name LIKE '%Automation%' AND Name LIKE '%Orchestration%') AND IsActive = true LIMIT 5
[DEBUG] _search_product_direct: Found 1 matches for 'Automation & Orchestration'
[DEBUG] Mapping complete — 3 unique products found
Processing request of type ListToolsRequest
[DEBUG] _map_requirements_to_catalog: mapping 3 items
[DEBUG] _search_product_direct: Querying 'Standard User' (STRICT) -> SELECT Id, Name, ProductCode, Family FROM Product2 WHERE (Name LIKE '%Standard%' AND Name LIKE '%User%') AND IsActive = true LIMIT 5
[DEBUG] _search_product_direct: Found 1 matches for 'Standard User'
[DEBUG] _search_product_direct: Querying 'Observability' (STRICT) -> SELECT Id, Name, ProductCode, Family FROM Product2 WHERE (Name LIKE '%Observability%') AND IsActive = true LIMIT 5
[DEBUG] _search_product_direct: Found 1 matches for 'Observability'
[DEBUG] _search_product_direct: Querying 'Automation & Orchestration' (STRICT) -> SELECT Id, Name, ProductCode, Family FROM Product2 WHERE (Name LIKE '%Automation%' AND Name LIKE '%Orchestration%') AND IsActive = true LIMIT 5
[DEBUG] _search_product_direct: Found 1 matches for 'Automation & Orchestration'
[DEBUG] Mapping complete — 3 unique products found
Processing request of type ListToolsRequest
Processing request of type CallToolRequest
Processing request of type ListToolsRequest
[DEBUG] _map_requirements_to_catalog: mapping 3 items
[DEBUG] _search_product_direct: Querying 'Standard User' (STRICT) -> SELECT Id, Name, ProductCode, Family FROM Product2 WHERE (Name LIKE '%Standard%' AND Name LIKE '%User%') AND IsActive = true LIMIT 5
[DEBUG] _search_product_direct: Found 1 matches for 'Standard User'
[DEBUG] _search_product_direct: Querying 'Observability' (STRICT) -> SELECT Id, Name, ProductCode, Family FROM Product2 WHERE (Name LIKE '%Observability%') AND IsActive = true LIMIT 5
[DEBUG] _search_product_direct: Found 1 matches for 'Observability'
[DEBUG] _search_product_direct: Querying 'Automation & Orchestration' (STRICT) -> SELECT Id, Name, ProductCode, Family FROM Product2 WHERE (Name LIKE '%Automation%' AND Name LIKE '%Orchestration%') AND IsActive = true LIMIT 5
[DEBUG] _search_product_direct: Found 1 matches for 'Automation & Orchestration'
[DEBUG] Mapping complete — 3 unique products found
Processing request of type ListToolsRequest
Processing request of type CallToolRequest
Processing request of type ListToolsRequest
[DEBUG] _map_requirements_to_catalog: mapping 3 items
[DEBUG] _search_product_direct: Querying 'Standard User' (STRICT) -> SELECT Id, Name, ProductCode, Family FROM Product2 WHERE (Name LIKE '%Standard%' AND Name LIKE '%User%') AND IsActive = true LIMIT 5
[DEBUG] _search_product_direct: Found 1 matches for 'Standard User'
[DEBUG] _search_product_direct: Querying 'Observability' (STRICT) -> SELECT Id, Name, ProductCode, Family FROM Product2 WHERE (Name LIKE '%Observability%') AND IsActive = true LIMIT 5
[DEBUG] _search_product_direct: Found 1 matches for 'Observability'
[DEBUG] _search_product_direct: Querying 'Automation & Orchestration' (STRICT) -> SELECT Id, Name, ProductCode, Family FROM Product2 WHERE (Name LIKE '%Automation%' AND Name LIKE '%Orchestration%') AND IsActive = true LIMIT 5
[DEBUG] _search_product_direct: Found 1 matches for 'Automation & Orchestration'
[DEBUG] Mapping complete — 3 unique products found
Processing request of type ListToolsRequest
Processing request of type CallToolRequest
Processing request of type CallToolRequest
Processing request of type CallToolRequest
[DEBUG] _map_requirements_to_catalog: mapping 3 items
[DEBUG] _search_product_direct: Querying 'Standard User' (STRICT) -> SELECT Id, Name, ProductCode, Family FROM Product2 WHERE (Name LIKE '%Standard%' AND Name LIKE '%User%') AND IsActive = true LIMIT 5
[DEBUG] _search_product_direct: Found 1 matches for 'Standard User'
[DEBUG] _search_product_direct: Querying 'Observability' (STRICT) -> SELECT Id, Name, ProductCode, Family FROM Product2 WHERE (Name LIKE '%Observability%') AND IsActive = true LIMIT 5
[DEBUG] _search_product_direct: Found 1 matches for 'Observability'
[DEBUG] _search_product_direct: Querying 'Automation & Orchestration' (STRICT) -> SELECT Id, Name, ProductCode, Family FROM Product2 WHERE (Name LIKE '%Automation%' AND Name LIKE '%Orchestration%') AND IsActive = true LIMIT 5
[DEBUG] _search_product_direct: Found 1 matches for 'Automation & Orchestration'
[DEBUG] Mapping complete — 3 unique products found
Processing request of type ListToolsRequest
Processing request of type CallToolRequest
Processing request of type ListToolsRequest
Processing request of type CallToolRequest
Processing request of type ListToolsRequest
Processing request of type CallToolRequest
Processing request of type CallToolRequest
Processing request of type ListToolsRequest
[DEBUG] _map_requirements_to_catalog: mapping 6 items
[DEBUG] _search_product_direct: Querying 'Rayban Meta Wayferer' (STRICT) -> SELECT Id, Name, ProductCode, Family FROM Product2 WHERE (Name LIKE '%Rayban%' AND Name LIKE '%Meta%' AND Name LIKE '%Wayferer%') AND IsActive = true LIMIT 5
[DEBUG] _search_product_direct: Fallback Querying 'Rayban Meta Wayferer' (LOOSE) -> SELECT Id, Name, ProductCode, Family FROM Product2 WHERE (Name LIKE '%Rayban%' OR Name LIKE '%Meta%' OR Name LIKE '%Wayferer%') AND IsActive = true LIMIT 5
[DEBUG] _search_product_direct: Found 5 matches for 'Rayban Meta Wayferer'
[DEBUG] _search_product_direct: Querying 'Qest 3' (STRICT) -> SELECT Id, Name, ProductCode, Family FROM Product2 WHERE (Name LIKE '%Qest%') AND IsActive = true LIMIT 5
[DEBUG] _search_product_direct: Found 0 matches for 'Qest 3'
[DEBUG] _search_product_direct: Querying 'Meta Qest 3S' (STRICT) -> SELECT Id, Name, ProductCode, Family FROM Product2 WHERE (Name LIKE '%Meta%' AND Name LIKE '%Qest%') AND IsActive = true LIMIT 5
[DEBUG] _search_product_direct: Fallback Querying 'Meta Qest 3S' (LOOSE) -> SELECT Id, Name, ProductCode, Family FROM Product2 WHERE (Name LIKE '%Meta%' OR Name LIKE '%Qest%') AND IsActive = true LIMIT 5
[DEBUG] _search_product_direct: Found 5 matches for 'Meta Qest 3S'
[DEBUG] _search_product_direct: Querying 'Analitics & Insights' (STRICT) -> SELECT Id, Name, ProductCode, Family FROM Product2 WHERE (Name LIKE '%Analitics%' AND Name LIKE '%Insights%') AND IsActive = true LIMIT 5
[DEBUG] _search_product_direct: Fallback Querying 'Analitics & Insights' (LOOSE) -> SELECT Id, Name, ProductCode, Family FROM Product2 WHERE (Name LIKE '%Analitics%' OR Name LIKE '%Insights%') AND IsActive = true LIMIT 5
[DEBUG] _search_product_direct: Found 1 matches for 'Analitics & Insights'
[DEBUG] _search_product_direct: Querying 'Data Servises' (STRICT) -> SELECT Id, Name, ProductCode, Family FROM Product2 WHERE (Name LIKE '%Data%' AND Name LIKE '%Servises%') AND IsActive = true LIMIT 5
[DEBUG] _search_product_direct: Fallback Querying 'Data Servises' (LOOSE) -> SELECT Id, Name, ProductCode, Family FROM Product2 WHERE (Name LIKE '%Data%' OR Name LIKE '%Servises%') AND IsActive = true LIMIT 5
[DEBUG] _search_product_direct: Found 5 matches for 'Data Servises'
[DEBUG] _search_product_direct: Querying 'Vertex Aii' (STRICT) -> SELECT Id, Name, ProductCode, Family FROM Product2 WHERE (Name LIKE '%Vertex%' AND Name LIKE '%Aii%') AND IsActive = true LIMIT 5
[DEBUG] _search_product_direct: Fallback Querying 'Vertex Aii' (LOOSE) -> SELECT Id, Name, ProductCode, Family FROM Product2 WHERE (Name LIKE '%Vertex%' OR Name LIKE '%Aii%') AND IsActive = true LIMIT 5
[DEBUG] _search_product_direct: Found 5 matches for 'Vertex Aii'
[DEBUG] Mapping complete — 12 unique products found
Processing request of type ListToolsRequest
Processing request of type CallToolRequest
Processing request of type CallToolRequest
Processing request of type CallToolRequest
[DEBUG] _map_requirements_to_catalog: mapping 6 items
[DEBUG] _search_product_direct: Querying 'Rayban Meta Wayferer' (STRICT) -> SELECT Id, Name, ProductCode, Family FROM Product2 WHERE (Name LIKE '%Rayban%' AND Name LIKE '%Meta%' AND Name LIKE '%Wayferer%') AND IsActive = true LIMIT 5
[DEBUG] _search_product_direct: Fallback Querying 'Rayban Meta Wayferer' (LOOSE) -> SELECT Id, Name, ProductCode, Family FROM Product2 WHERE (Name LIKE '%Rayban%' OR Name LIKE '%Meta%' OR Name LIKE '%Wayferer%') AND IsActive = true LIMIT 5
[DEBUG] _search_product_direct: Found 5 matches for 'Rayban Meta Wayferer'
[DEBUG] _search_product_direct: Querying 'Qest 3' (STRICT) -> SELECT Id, Name, ProductCode, Family FROM Product2 WHERE (Name LIKE '%Qest%') AND IsActive = true LIMIT 5
[DEBUG] _search_product_direct: Found 0 matches for 'Qest 3'
[DEBUG] _search_product_direct: Querying 'Meta Qest 3S' (STRICT) -> SELECT Id, Name, ProductCode, Family FROM Product2 WHERE (Name LIKE '%Meta%' AND Name LIKE '%Qest%') AND IsActive = true LIMIT 5
[DEBUG] _search_product_direct: Fallback Querying 'Meta Qest 3S' (LOOSE) -> SELECT Id, Name, ProductCode, Family FROM Product2 WHERE (Name LIKE '%Meta%' OR Name LIKE '%Qest%') AND IsActive = true LIMIT 5
[DEBUG] _search_product_direct: Found 5 matches for 'Meta Qest 3S'
[DEBUG] _search_product_direct: Querying 'Analitics & Insights' (STRICT) -> SELECT Id, Name, ProductCode, Family FROM Product2 WHERE (Name LIKE '%Analitics%' AND Name LIKE '%Insights%') AND IsActive = true LIMIT 5
[DEBUG] _search_product_direct: Fallback Querying 'Analitics & Insights' (LOOSE) -> SELECT Id, Name, ProductCode, Family FROM Product2 WHERE (Name LIKE '%Analitics%' OR Name LIKE '%Insights%') AND IsActive = true LIMIT 5
[DEBUG] _search_product_direct: Found 1 matches for 'Analitics & Insights'
[DEBUG] _search_product_direct: Querying 'Data Servises' (STRICT) -> SELECT Id, Name, ProductCode, Family FROM Product2 WHERE (Name LIKE '%Data%' AND Name LIKE '%Servises%') AND IsActive = true LIMIT 5
[DEBUG] _search_product_direct: Fallback Querying 'Data Servises' (LOOSE) -> SELECT Id, Name, ProductCode, Family FROM Product2 WHERE (Name LIKE '%Data%' OR Name LIKE '%Servises%') AND IsActive = true LIMIT 5
[DEBUG] _search_product_direct: Found 5 matches for 'Data Servises'
[DEBUG] _search_product_direct: Querying 'Vertex Aii' (STRICT) -> SELECT Id, Name, ProductCode, Family FROM Product2 WHERE (Name LIKE '%Vertex%' AND Name LIKE '%Aii%') AND IsActive = true LIMIT 5
[DEBUG] _search_product_direct: Fallback Querying 'Vertex Aii' (LOOSE) -> SELECT Id, Name, ProductCode, Family FROM Product2 WHERE (Name LIKE '%Vertex%' OR Name LIKE '%Aii%') AND IsActive = true LIMIT 5
[DEBUG] _search_product_direct: Found 5 matches for 'Vertex Aii'
[DEBUG] Mapping complete — 12 unique products found
Processing request of type ListToolsRequest
[DEBUG] _map_requirements_to_catalog: mapping 6 items
[DEBUG] _search_product_direct: Querying 'Rayban Meta Wayferer' (STRICT) -> SELECT Id, Name, ProductCode, Family FROM Product2 WHERE (Name LIKE '%Rayban%' AND Name LIKE '%Meta%' AND Name LIKE '%Wayferer%') AND IsActive = true LIMIT 5
[DEBUG] _search_product_direct: Fallback Querying 'Rayban Meta Wayferer' (LOOSE) -> SELECT Id, Name, ProductCode, Family FROM Product2 WHERE (Name LIKE '%Rayban%' OR Name LIKE '%Meta%' OR Name LIKE '%Wayferer%') AND IsActive = true LIMIT 5
[DEBUG] _search_product_direct: Found 5 matches for 'Rayban Meta Wayferer'
[DEBUG] _search_product_direct: Querying 'Qest 3' (STRICT) -> SELECT Id, Name, ProductCode, Family FROM Product2 WHERE (Name LIKE '%Qest%') AND IsActive = true LIMIT 5
[DEBUG] _search_product_direct: Found 0 matches for 'Qest 3'
[DEBUG] _search_product_direct: Querying 'Meta Qest 3S' (STRICT) -> SELECT Id, Name, ProductCode, Family FROM Product2 WHERE (Name LIKE '%Meta%' AND Name LIKE '%Qest%') AND IsActive = true LIMIT 5
[DEBUG] _search_product_direct: Fallback Querying 'Meta Qest 3S' (LOOSE) -> SELECT Id, Name, ProductCode, Family FROM Product2 WHERE (Name LIKE '%Meta%' OR Name LIKE '%Qest%') AND IsActive = true LIMIT 5
[DEBUG] _search_product_direct: Found 5 matches for 'Meta Qest 3S'
[DEBUG] _search_product_direct: Querying 'Analitics & Insights' (STRICT) -> SELECT Id, Name, ProductCode, Family FROM Product2 WHERE (Name LIKE '%Analitics%' AND Name LIKE '%Insights%') AND IsActive = true LIMIT 5
[DEBUG] _search_product_direct: Fallback Querying 'Analitics & Insights' (LOOSE) -> SELECT Id, Name, ProductCode, Family FROM Product2 WHERE (Name LIKE '%Analitics%' OR Name LIKE '%Insights%') AND IsActive = true LIMIT 5
[DEBUG] _search_product_direct: Found 1 matches for 'Analitics & Insights'
[DEBUG] _search_product_direct: Querying 'Data Servises' (STRICT) -> SELECT Id, Name, ProductCode, Family FROM Product2 WHERE (Name LIKE '%Data%' AND Name LIKE '%Servises%') AND IsActive = true LIMIT 5
[DEBUG] _search_product_direct: Fallback Querying 'Data Servises' (LOOSE) -> SELECT Id, Name, ProductCode, Family FROM Product2 WHERE (Name LIKE '%Data%' OR Name LIKE '%Servises%') AND IsActive = true LIMIT 5
[DEBUG] _search_product_direct: Found 5 matches for 'Data Servises'
[DEBUG] _search_product_direct: Querying 'Vertex Aii' (STRICT) -> SELECT Id, Name, ProductCode, Family FROM Product2 WHERE (Name LIKE '%Vertex%' AND Name LIKE '%Aii%') AND IsActive = true LIMIT 5
[DEBUG] _search_product_direct: Fallback Querying 'Vertex Aii' (LOOSE) -> SELECT Id, Name, ProductCode, Family FROM Product2 WHERE (Name LIKE '%Vertex%' OR Name LIKE '%Aii%') AND IsActive = true LIMIT 5
[DEBUG] _search_product_direct: Found 5 matches for 'Vertex Aii'
[DEBUG] Mapping complete — 12 unique products found
Processing request of type ListToolsRequest
Processing request of type CallToolRequest
Processing request of type CallToolRequest
Processing request of type CallToolRequest
[DEBUG] _map_requirements_to_catalog: mapping 6 items
[DEBUG] _search_product_direct: Querying 'Rayban Meta Wayferer' (STRICT) -> SELECT Id, Name, ProductCode, Family FROM Product2 WHERE (Name LIKE '%Rayban%' AND Name LIKE '%Meta%' AND Name LIKE '%Wayferer%') AND IsActive = true LIMIT 5
[DEBUG] _search_product_direct: Fallback Querying 'Rayban Meta Wayferer' (LOOSE) -> SELECT Id, Name, ProductCode, Family FROM Product2 WHERE (Name LIKE '%Rayban%' OR Name LIKE '%Meta%' OR Name LIKE '%Wayferer%') AND IsActive = true LIMIT 5
[DEBUG] _search_product_direct: Found 5 matches for 'Rayban Meta Wayferer'
[DEBUG] _search_product_direct: Querying 'Qest 3' (STRICT) -> SELECT Id, Name, ProductCode, Family FROM Product2 WHERE (Name LIKE '%Qest%') AND IsActive = true LIMIT 5
[DEBUG] _search_product_direct: Found 0 matches for 'Qest 3'
[DEBUG] _search_product_direct: Querying 'Meta Qest 3S' (STRICT) -> SELECT Id, Name, ProductCode, Family FROM Product2 WHERE (Name LIKE '%Meta%' AND Name LIKE '%Qest%') AND IsActive = true LIMIT 5
[DEBUG] _search_product_direct: Fallback Querying 'Meta Qest 3S' (LOOSE) -> SELECT Id, Name, ProductCode, Family FROM Product2 WHERE (Name LIKE '%Meta%' OR Name LIKE '%Qest%') AND IsActive = true LIMIT 5
[DEBUG] _search_product_direct: Found 5 matches for 'Meta Qest 3S'
[DEBUG] _search_product_direct: Querying 'Analitics & Insights' (STRICT) -> SELECT Id, Name, ProductCode, Family FROM Product2 WHERE (Name LIKE '%Analitics%' AND Name LIKE '%Insights%') AND IsActive = true LIMIT 5
[DEBUG] _search_product_direct: Fallback Querying 'Analitics & Insights' (LOOSE) -> SELECT Id, Name, ProductCode, Family FROM Product2 WHERE (Name LIKE '%Analitics%' OR Name LIKE '%Insights%') AND IsActive = true LIMIT 5
[DEBUG] _search_product_direct: Found 1 matches for 'Analitics & Insights'
[DEBUG] _search_product_direct: Querying 'Data Servises' (STRICT) -> SELECT Id, Name, ProductCode, Family FROM Product2 WHERE (Name LIKE '%Data%' AND Name LIKE '%Servises%') AND IsActive = true LIMIT 5
[DEBUG] _search_product_direct: Fallback Querying 'Data Servises' (LOOSE) -> SELECT Id, Name, ProductCode, Family FROM Product2 WHERE (Name LIKE '%Data%' OR Name LIKE '%Servises%') AND IsActive = true LIMIT 5
[DEBUG] _search_product_direct: Found 5 matches for 'Data Servises'
[DEBUG] _search_product_direct: Querying 'Vertex Aii' (STRICT) -> SELECT Id, Name, ProductCode, Family FROM Product2 WHERE (Name LIKE '%Vertex%' AND Name LIKE '%Aii%') AND IsActive = true LIMIT 5
[DEBUG] _search_product_direct: Fallback Querying 'Vertex Aii' (LOOSE) -> SELECT Id, Name, ProductCode, Family FROM Product2 WHERE (Name LIKE '%Vertex%' OR Name LIKE '%Aii%') AND IsActive = true LIMIT 5
[DEBUG] _search_product_direct: Found 5 matches for 'Vertex Aii'
[DEBUG] Mapping complete — 12 unique products found
Processing request of type ListToolsRequest
[DEBUG] _map_requirements_to_catalog: mapping 3 items
[DEBUG] _search_product_direct: Querying 'Standard User' (STRICT) -> SELECT Id, Name, ProductCode, Family FROM Product2 WHERE (Name LIKE '%Standard%' AND Name LIKE '%User%') AND IsActive = true LIMIT 5
[DEBUG] _search_product_direct: Found 1 matches for 'Standard User'
[DEBUG] _search_product_direct: Querying 'Observability' (STRICT) -> SELECT Id, Name, ProductCode, Family FROM Product2 WHERE (Name LIKE '%Observability%') AND IsActive = true LIMIT 5
[DEBUG] _search_product_direct: Found 1 matches for 'Observability'
[DEBUG] _search_product_direct: Querying 'Automation & Orchestration' (STRICT) -> SELECT Id, Name, ProductCode, Family FROM Product2 WHERE (Name LIKE '%Automation%' AND Name LIKE '%Orchestration%') AND IsActive = true LIMIT 5
[DEBUG] _search_product_direct: Found 1 matches for 'Automation & Orchestration'
[DEBUG] Mapping complete — 3 unique products found
Processing request of type ListToolsRequest
Processing request of type CallToolRequest
Processing request of type CallToolRequest
Processing request of type CallToolRequest
[DEBUG] _map_requirements_to_catalog: mapping 3 items
[DEBUG] _search_product_direct: Querying 'Standard User' (STRICT) -> SELECT Id, Name, ProductCode, Family FROM Product2 WHERE (Name LIKE '%Standard%' AND Name LIKE '%User%') AND IsActive = true LIMIT 5
[DEBUG] _search_product_direct: Found 1 matches for 'Standard User'
[DEBUG] _search_product_direct: Querying 'Observability' (STRICT) -> SELECT Id, Name, ProductCode, Family FROM Product2 WHERE (Name LIKE '%Observability%') AND IsActive = true LIMIT 5
[DEBUG] _search_product_direct: Found 1 matches for 'Observability'
[DEBUG] _search_product_direct: Querying 'Automation & Orchestration' (STRICT) -> SELECT Id, Name, ProductCode, Family FROM Product2 WHERE (Name LIKE '%Automation%' AND Name LIKE '%Orchestration%') AND IsActive = true LIMIT 5
[DEBUG] _search_product_direct: Found 1 matches for 'Automation & Orchestration'
[DEBUG] Mapping complete — 3 unique products found
Processing request of type ListToolsRequest
[DEBUG] _map_requirements_to_catalog: mapping 6 items
[DEBUG] _search_product_direct: Querying 'Rayban Meta Wayferer' (STRICT) -> SELECT Id, Name, ProductCode, Family FROM Product2 WHERE (Name LIKE '%Rayban%' AND Name LIKE '%Meta%' AND Name LIKE '%Wayferer%') AND IsActive = true LIMIT 5
[DEBUG] _search_product_direct: Fallback Querying 'Rayban Meta Wayferer' (LOOSE) -> SELECT Id, Name, ProductCode, Family FROM Product2 WHERE (Name LIKE '%Rayban%' OR Name LIKE '%Meta%' OR Name LIKE '%Wayferer%') AND IsActive = true LIMIT 5
[DEBUG] _search_product_direct: Found 5 matches for 'Rayban Meta Wayferer'
[DEBUG] _search_product_direct: Querying 'Qest 3' (STRICT) -> SELECT Id, Name, ProductCode, Family FROM Product2 WHERE (Name LIKE '%Qest%') AND IsActive = true LIMIT 5
[DEBUG] _search_product_direct: Complete Fallback (TYPO RESOLUTION) -> SELECT Id, Name, ProductCode, Family FROM Product2 WHERE IsActive = true LIMIT 150
[DEBUG] _search_product_direct: Found 150 matches for 'Qest 3'
[DEBUG] _search_product_direct: Querying 'Meta Qest 3S' (STRICT) -> SELECT Id, Name, ProductCode, Family FROM Product2 WHERE (Name LIKE '%Meta%' AND Name LIKE '%Qest%') AND IsActive = true LIMIT 5
[DEBUG] _search_product_direct: Fallback Querying 'Meta Qest 3S' (LOOSE) -> SELECT Id, Name, ProductCode, Family FROM Product2 WHERE (Name LIKE '%Meta%' OR Name LIKE '%Qest%') AND IsActive = true LIMIT 5
[DEBUG] _search_product_direct: Found 5 matches for 'Meta Qest 3S'
[DEBUG] _search_product_direct: Querying 'Analitics & Insights' (STRICT) -> SELECT Id, Name, ProductCode, Family FROM Product2 WHERE (Name LIKE '%Analitics%' AND Name LIKE '%Insights%') AND IsActive = true LIMIT 5
[DEBUG] _search_product_direct: Fallback Querying 'Analitics & Insights' (LOOSE) -> SELECT Id, Name, ProductCode, Family FROM Product2 WHERE (Name LIKE '%Analitics%' OR Name LIKE '%Insights%') AND IsActive = true LIMIT 5
[DEBUG] _search_product_direct: Found 1 matches for 'Analitics & Insights'
[DEBUG] _search_product_direct: Querying 'Data Servises' (STRICT) -> SELECT Id, Name, ProductCode, Family FROM Product2 WHERE (Name LIKE '%Data%' AND Name LIKE '%Servises%') AND IsActive = true LIMIT 5
[DEBUG] _search_product_direct: Fallback Querying 'Data Servises' (LOOSE) -> SELECT Id, Name, ProductCode, Family FROM Product2 WHERE (Name LIKE '%Data%' OR Name LIKE '%Servises%') AND IsActive = true LIMIT 5
[DEBUG] _search_product_direct: Found 5 matches for 'Data Servises'
[DEBUG] _search_product_direct: Querying 'Vertex Aii' (STRICT) -> SELECT Id, Name, ProductCode, Family FROM Product2 WHERE (Name LIKE '%Vertex%' AND Name LIKE '%Aii%') AND IsActive = true LIMIT 5
[DEBUG] _search_product_direct: Fallback Querying 'Vertex Aii' (LOOSE) -> SELECT Id, Name, ProductCode, Family FROM Product2 WHERE (Name LIKE '%Vertex%' OR Name LIKE '%Aii%') AND IsActive = true LIMIT 5
[DEBUG] _search_product_direct: Found 5 matches for 'Vertex Aii'
[DEBUG] Mapping complete — 19 unique products found
Processing request of type ListToolsRequest
Processing request of type CallToolRequest
Processing request of type CallToolRequest
Processing request of type CallToolRequest
[DEBUG] _map_requirements_to_catalog: mapping 6 items
[DEBUG] _search_product_direct: Querying 'Rayban Meta Wayferer' (STRICT) -> SELECT Id, Name, ProductCode, Family FROM Product2 WHERE (Name LIKE '%Rayban%' AND Name LIKE '%Meta%' AND Name LIKE '%Wayferer%') AND IsActive = true LIMIT 5
[DEBUG] _search_product_direct: Fallback Querying 'Rayban Meta Wayferer' (LOOSE) -> SELECT Id, Name, ProductCode, Family FROM Product2 WHERE (Name LIKE '%Rayban%' OR Name LIKE '%Meta%' OR Name LIKE '%Wayferer%') AND IsActive = true LIMIT 5
[DEBUG] _search_product_direct: Found 5 matches for 'Rayban Meta Wayferer'
[DEBUG] _search_product_direct: Querying 'Qest 3' (STRICT) -> SELECT Id, Name, ProductCode, Family FROM Product2 WHERE (Name LIKE '%Qest%') AND IsActive = true LIMIT 5
[DEBUG] _search_product_direct: Complete Fallback (TYPO RESOLUTION) -> SELECT Id, Name, ProductCode, Family FROM Product2 WHERE IsActive = true LIMIT 150
[DEBUG] _search_product_direct: Found 150 matches for 'Qest 3'
[DEBUG] _search_product_direct: Querying 'Meta Qest 3S' (STRICT) -> SELECT Id, Name, ProductCode, Family FROM Product2 WHERE (Name LIKE '%Meta%' AND Name LIKE '%Qest%') AND IsActive = true LIMIT 5
[DEBUG] _search_product_direct: Fallback Querying 'Meta Qest 3S' (LOOSE) -> SELECT Id, Name, ProductCode, Family FROM Product2 WHERE (Name LIKE '%Meta%' OR Name LIKE '%Qest%') AND IsActive = true LIMIT 5
[DEBUG] _search_product_direct: Found 5 matches for 'Meta Qest 3S'
[DEBUG] _search_product_direct: Querying 'Analitics & Insights' (STRICT) -> SELECT Id, Name, ProductCode, Family FROM Product2 WHERE (Name LIKE '%Analitics%' AND Name LIKE '%Insights%') AND IsActive = true LIMIT 5
[DEBUG] _search_product_direct: Fallback Querying 'Analitics & Insights' (LOOSE) -> SELECT Id, Name, ProductCode, Family FROM Product2 WHERE (Name LIKE '%Analitics%' OR Name LIKE '%Insights%') AND IsActive = true LIMIT 5
[DEBUG] _search_product_direct: Found 1 matches for 'Analitics & Insights'
[DEBUG] _search_product_direct: Querying 'Data Servises' (STRICT) -> SELECT Id, Name, ProductCode, Family FROM Product2 WHERE (Name LIKE '%Data%' AND Name LIKE '%Servises%') AND IsActive = true LIMIT 5
[DEBUG] _search_product_direct: Fallback Querying 'Data Servises' (LOOSE) -> SELECT Id, Name, ProductCode, Family FROM Product2 WHERE (Name LIKE '%Data%' OR Name LIKE '%Servises%') AND IsActive = true LIMIT 5
[DEBUG] _search_product_direct: Found 5 matches for 'Data Servises'
[DEBUG] _search_product_direct: Querying 'Vertex Aii' (STRICT) -> SELECT Id, Name, ProductCode, Family FROM Product2 WHERE (Name LIKE '%Vertex%' AND Name LIKE '%Aii%') AND IsActive = true LIMIT 5
[DEBUG] _search_product_direct: Fallback Querying 'Vertex Aii' (LOOSE) -> SELECT Id, Name, ProductCode, Family FROM Product2 WHERE (Name LIKE '%Vertex%' OR Name LIKE '%Aii%') AND IsActive = true LIMIT 5
[DEBUG] _search_product_direct: Found 5 matches for 'Vertex Aii'
[DEBUG] Mapping complete — 19 unique products found
Tool already exists: get_quote_preview
Tool already exists: get_my_accounts
Tool already exists: get_opportunities_for_account
[DEBUG] _map_requirements_to_catalog: mapping 1 items
[DEBUG] Mapping complete — 1 unique products found
[DEBUG] _map_requirements_to_catalog: mapping 1 items
[DEBUG] Mapping complete — 3 unique products found
[DEBUG] _map_requirements_to_catalog: mapping 1 items
[DEBUG] Mapping complete — 1 unique products found
[DEBUG] _map_requirements_to_catalog: mapping 1 items
[DEBUG] Mapping complete — 0 unique products found
Traceback (most recent call last):
  File "C:\Agivant Projects\Agentic Accelerator\Shashank code\ADK\rca-agentic-backend-clean\scratch\test_matching.py", line 123, in <module>
    run_test()
  File "C:\Agivant Projects\Agentic Accelerator\Shashank code\ADK\rca-agentic-backend-clean\scratch\test_matching.py", line 117, in run_test
    assert req_item_4["confidence"] in ["High", "Medium"], "Confidence should be High or Medium for a typo"
           ^^^^^^^^^^^^^^^^^^^^^^^^^^^^^^^^^^^^^^^^^^^^^^
AssertionError: Confidence should be High or Medium for a typo
Tool already exists: get_quote_preview
Tool already exists: get_my_accounts
Tool already exists: get_opportunities_for_account
[DEBUG] _map_requirements_to_catalog: mapping 1 items
[DEBUG] Mapping complete — 1 unique products found
[DEBUG] _map_requirements_to_catalog: mapping 1 items
[DEBUG] Mapping complete — 3 unique products found
[DEBUG] _map_requirements_to_catalog: mapping 1 items
[DEBUG] Mapping complete — 1 unique products found
[DEBUG] _map_requirements_to_catalog: mapping 1 items
[DEBUG] Mapping complete — 1 unique products found
Processing request of type ListToolsRequest
[DEBUG] _map_requirements_to_catalog: mapping 6 items
[DEBUG] _search_product_direct: Querying 'Rayban Meta Wayferer' (STRICT) -> SELECT Id, Name, ProductCode, Family FROM Product2 WHERE (Name LIKE '%Rayban%' AND Name LIKE '%Meta%' AND Name LIKE '%Wayferer%') AND IsActive = true LIMIT 5
[DEBUG] _search_product_direct: Complete Fallback (TYPO RESOLUTION) -> SELECT Id, Name, ProductCode, Family FROM Product2 WHERE IsActive = true LIMIT 150
[DEBUG] _search_product_direct: Found 150 matches for 'Rayban Meta Wayferer'
[DEBUG] _search_product_direct: Querying 'Qest 3' (STRICT) -> SELECT Id, Name, ProductCode, Family FROM Product2 WHERE (Name LIKE '%Qest%') AND IsActive = true LIMIT 5
[DEBUG] _search_product_direct: Complete Fallback (TYPO RESOLUTION) -> SELECT Id, Name, ProductCode, Family FROM Product2 WHERE IsActive = true LIMIT 150
[DEBUG] _search_product_direct: Found 150 matches for 'Qest 3'
[DEBUG] _search_product_direct: Querying 'Meta Qest 3S' (STRICT) -> SELECT Id, Name, ProductCode, Family FROM Product2 WHERE (Name LIKE '%Meta%' AND Name LIKE '%Qest%') AND IsActive = true LIMIT 5
[DEBUG] _search_product_direct: Complete Fallback (TYPO RESOLUTION) -> SELECT Id, Name, ProductCode, Family FROM Product2 WHERE IsActive = true LIMIT 150
[DEBUG] _search_product_direct: Found 150 matches for 'Meta Qest 3S'
[DEBUG] _search_product_direct: Querying 'Analitics & Insights' (STRICT) -> SELECT Id, Name, ProductCode, Family FROM Product2 WHERE (Name LIKE '%Analitics%' AND Name LIKE '%Insights%') AND IsActive = true LIMIT 5
[DEBUG] _search_product_direct: Complete Fallback (TYPO RESOLUTION) -> SELECT Id, Name, ProductCode, Family FROM Product2 WHERE IsActive = true LIMIT 150
[DEBUG] _search_product_direct: Found 150 matches for 'Analitics & Insights'
[DEBUG] _search_product_direct: Querying 'Data Servises' (STRICT) -> SELECT Id, Name, ProductCode, Family FROM Product2 WHERE (Name LIKE '%Data%' AND Name LIKE '%Servises%') AND IsActive = true LIMIT 5
[DEBUG] _search_product_direct: Complete Fallback (TYPO RESOLUTION) -> SELECT Id, Name, ProductCode, Family FROM Product2 WHERE IsActive = true LIMIT 150
[DEBUG] _search_product_direct: Found 150 matches for 'Data Servises'
[DEBUG] _search_product_direct: Querying 'Vertex Aii' (STRICT) -> SELECT Id, Name, ProductCode, Family FROM Product2 WHERE (Name LIKE '%Vertex%' AND Name LIKE '%Aii%') AND IsActive = true LIMIT 5
[DEBUG] _search_product_direct: Complete Fallback (TYPO RESOLUTION) -> SELECT Id, Name, ProductCode, Family FROM Product2 WHERE IsActive = true LIMIT 150
[DEBUG] _search_product_direct: Found 150 matches for 'Vertex Aii'
[DEBUG] Mapping complete — 73 unique products found
Processing request of type ListToolsRequest
Processing request of type CallToolRequest
Processing request of type CallToolRequest
Processing request of type CallToolRequest
[DEBUG] _map_requirements_to_catalog: mapping 6 items
[DEBUG] _search_product_direct: Querying 'Rayban Meta Wayferer' (STRICT) -> SELECT Id, Name, ProductCode, Family FROM Product2 WHERE (Name LIKE '%Rayban%' AND Name LIKE '%Meta%' AND Name LIKE '%Wayferer%') AND IsActive = true LIMIT 5
[DEBUG] _search_product_direct: Complete Fallback (TYPO RESOLUTION) -> SELECT Id, Name, ProductCode, Family FROM Product2 WHERE IsActive = true LIMIT 150
[DEBUG] _search_product_direct: Found 150 matches for 'Rayban Meta Wayferer'
[DEBUG] _search_product_direct: Querying 'Qest 3' (STRICT) -> SELECT Id, Name, ProductCode, Family FROM Product2 WHERE (Name LIKE '%Qest%') AND IsActive = true LIMIT 5
[DEBUG] _search_product_direct: Complete Fallback (TYPO RESOLUTION) -> SELECT Id, Name, ProductCode, Family FROM Product2 WHERE IsActive = true LIMIT 150
[DEBUG] _search_product_direct: Found 150 matches for 'Qest 3'
[DEBUG] _search_product_direct: Querying 'Meta Qest 3S' (STRICT) -> SELECT Id, Name, ProductCode, Family FROM Product2 WHERE (Name LIKE '%Meta%' AND Name LIKE '%Qest%') AND IsActive = true LIMIT 5
[DEBUG] _search_product_direct: Complete Fallback (TYPO RESOLUTION) -> SELECT Id, Name, ProductCode, Family FROM Product2 WHERE IsActive = true LIMIT 150
[DEBUG] _search_product_direct: Found 150 matches for 'Meta Qest 3S'
[DEBUG] _search_product_direct: Querying 'Analitics & Insights' (STRICT) -> SELECT Id, Name, ProductCode, Family FROM Product2 WHERE (Name LIKE '%Analitics%' AND Name LIKE '%Insights%') AND IsActive = true LIMIT 5
[DEBUG] _search_product_direct: Complete Fallback (TYPO RESOLUTION) -> SELECT Id, Name, ProductCode, Family FROM Product2 WHERE IsActive = true LIMIT 150
[DEBUG] _search_product_direct: Found 150 matches for 'Analitics & Insights'
[DEBUG] _search_product_direct: Querying 'Data Servises' (STRICT) -> SELECT Id, Name, ProductCode, Family FROM Product2 WHERE (Name LIKE '%Data%' AND Name LIKE '%Servises%') AND IsActive = true LIMIT 5
[DEBUG] _search_product_direct: Complete Fallback (TYPO RESOLUTION) -> SELECT Id, Name, ProductCode, Family FROM Product2 WHERE IsActive = true LIMIT 150
[DEBUG] _search_product_direct: Found 150 matches for 'Data Servises'
[DEBUG] _search_product_direct: Querying 'Vertex Aii' (STRICT) -> SELECT Id, Name, ProductCode, Family FROM Product2 WHERE (Name LIKE '%Vertex%' AND Name LIKE '%Aii%') AND IsActive = true LIMIT 5
[DEBUG] _search_product_direct: Complete Fallback (TYPO RESOLUTION) -> SELECT Id, Name, ProductCode, Family FROM Product2 WHERE IsActive = true LIMIT 150
[DEBUG] _search_product_direct: Found 150 matches for 'Vertex Aii'
[DEBUG] Mapping complete — 73 unique products found
Processing request of type ListToolsRequest
[DEBUG] _map_requirements_to_catalog: mapping 6 items
[DEBUG] _search_product_direct: Querying 'Rayban Meta Wayferer' (STRICT) -> SELECT Id, Name, ProductCode, Family FROM Product2 WHERE (Name LIKE '%Rayban%' AND Name LIKE '%Meta%' AND Name LIKE '%Wayferer%') AND IsActive = true LIMIT 5
[DEBUG] _search_product_direct: Fallback Querying 'Rayban Meta Wayferer' (LOOSE) -> SELECT Id, Name, ProductCode, Family FROM Product2 WHERE (Name LIKE '%Rayban%' OR Name LIKE '%Meta%' OR Name LIKE '%Wayferer%') AND IsActive = true LIMIT 50
[DEBUG] _search_product_direct: Found 26 matches for 'Rayban Meta Wayferer'
[DEBUG] _search_product_direct: Querying 'Qest 3' (STRICT) -> SELECT Id, Name, ProductCode, Family FROM Product2 WHERE (Name LIKE '%Qest%') AND IsActive = true LIMIT 5
[DEBUG] _search_product_direct: Complete Fallback (TYPO RESOLUTION) -> SELECT Id, Name, ProductCode, Family FROM Product2 WHERE IsActive = true LIMIT 150
[DEBUG] _search_product_direct: Found 150 matches for 'Qest 3'
[DEBUG] _search_product_direct: Querying 'Meta Qest 3S' (STRICT) -> SELECT Id, Name, ProductCode, Family FROM Product2 WHERE (Name LIKE '%Meta%' AND Name LIKE '%Qest%') AND IsActive = true LIMIT 5
[DEBUG] _search_product_direct: Fallback Querying 'Meta Qest 3S' (LOOSE) -> SELECT Id, Name, ProductCode, Family FROM Product2 WHERE (Name LIKE '%Meta%' OR Name LIKE '%Qest%') AND IsActive = true LIMIT 50
[DEBUG] _search_product_direct: Found 26 matches for 'Meta Qest 3S'
[DEBUG] _search_product_direct: Querying 'Analitics & Insights' (STRICT) -> SELECT Id, Name, ProductCode, Family FROM Product2 WHERE (Name LIKE '%Analitics%' AND Name LIKE '%Insights%') AND IsActive = true LIMIT 5
[DEBUG] _search_product_direct: Fallback Querying 'Analitics & Insights' (LOOSE) -> SELECT Id, Name, ProductCode, Family FROM Product2 WHERE (Name LIKE '%Analitics%' OR Name LIKE '%Insights%') AND IsActive = true LIMIT 50
[DEBUG] _search_product_direct: Found 1 matches for 'Analitics & Insights'
[DEBUG] _search_product_direct: Querying 'Data Servises' (STRICT) -> SELECT Id, Name, ProductCode, Family FROM Product2 WHERE (Name LIKE '%Data%' AND Name LIKE '%Servises%') AND IsActive = true LIMIT 5
[DEBUG] _search_product_direct: Fallback Querying 'Data Servises' (LOOSE) -> SELECT Id, Name, ProductCode, Family FROM Product2 WHERE (Name LIKE '%Data%' OR Name LIKE '%Servises%') AND IsActive = true LIMIT 50
[DEBUG] _search_product_direct: Found 10 matches for 'Data Servises'
[DEBUG] _search_product_direct: Querying 'Vertex Aii' (STRICT) -> SELECT Id, Name, ProductCode, Family FROM Product2 WHERE (Name LIKE '%Vertex%' AND Name LIKE '%Aii%') AND IsActive = true LIMIT 5
[DEBUG] _search_product_direct: Fallback Querying 'Vertex Aii' (LOOSE) -> SELECT Id, Name, ProductCode, Family FROM Product2 WHERE (Name LIKE '%Vertex%' OR Name LIKE '%Aii%') AND IsActive = true LIMIT 50
[DEBUG] _search_product_direct: Found 5 matches for 'Vertex Aii'
[DEBUG] Mapping complete — 14 unique products found
Processing request of type ListToolsRequest
Processing request of type CallToolRequest
Processing request of type CallToolRequest
Processing request of type CallToolRequest
[DEBUG] _map_requirements_to_catalog: mapping 6 items
[DEBUG] _search_product_direct: Querying 'Rayban Meta Wayferer' (STRICT) -> SELECT Id, Name, ProductCode, Family FROM Product2 WHERE (Name LIKE '%Rayban%' AND Name LIKE '%Meta%' AND Name LIKE '%Wayferer%') AND IsActive = true LIMIT 5
[DEBUG] _search_product_direct: Fallback Querying 'Rayban Meta Wayferer' (LOOSE) -> SELECT Id, Name, ProductCode, Family FROM Product2 WHERE (Name LIKE '%Rayban%' OR Name LIKE '%Meta%' OR Name LIKE '%Wayferer%') AND IsActive = true LIMIT 50
[DEBUG] _search_product_direct: Found 26 matches for 'Rayban Meta Wayferer'
[DEBUG] _search_product_direct: Querying 'Qest 3' (STRICT) -> SELECT Id, Name, ProductCode, Family FROM Product2 WHERE (Name LIKE '%Qest%') AND IsActive = true LIMIT 5
[DEBUG] _search_product_direct: Complete Fallback (TYPO RESOLUTION) -> SELECT Id, Name, ProductCode, Family FROM Product2 WHERE IsActive = true LIMIT 150
[DEBUG] _search_product_direct: Found 150 matches for 'Qest 3'
[DEBUG] _search_product_direct: Querying 'Meta Qest 3S' (STRICT) -> SELECT Id, Name, ProductCode, Family FROM Product2 WHERE (Name LIKE '%Meta%' AND Name LIKE '%Qest%') AND IsActive = true LIMIT 5
[DEBUG] _search_product_direct: Fallback Querying 'Meta Qest 3S' (LOOSE) -> SELECT Id, Name, ProductCode, Family FROM Product2 WHERE (Name LIKE '%Meta%' OR Name LIKE '%Qest%') AND IsActive = true LIMIT 50
[DEBUG] _search_product_direct: Found 26 matches for 'Meta Qest 3S'
[DEBUG] _search_product_direct: Querying 'Analitics & Insights' (STRICT) -> SELECT Id, Name, ProductCode, Family FROM Product2 WHERE (Name LIKE '%Analitics%' AND Name LIKE '%Insights%') AND IsActive = true LIMIT 5
[DEBUG] _search_product_direct: Fallback Querying 'Analitics & Insights' (LOOSE) -> SELECT Id, Name, ProductCode, Family FROM Product2 WHERE (Name LIKE '%Analitics%' OR Name LIKE '%Insights%') AND IsActive = true LIMIT 50
[DEBUG] _search_product_direct: Found 1 matches for 'Analitics & Insights'
[DEBUG] _search_product_direct: Querying 'Data Servises' (STRICT) -> SELECT Id, Name, ProductCode, Family FROM Product2 WHERE (Name LIKE '%Data%' AND Name LIKE '%Servises%') AND IsActive = true LIMIT 5
[DEBUG] _search_product_direct: Fallback Querying 'Data Servises' (LOOSE) -> SELECT Id, Name, ProductCode, Family FROM Product2 WHERE (Name LIKE '%Data%' OR Name LIKE '%Servises%') AND IsActive = true LIMIT 50
[DEBUG] _search_product_direct: Found 10 matches for 'Data Servises'
[DEBUG] _search_product_direct: Querying 'Vertex Aii' (STRICT) -> SELECT Id, Name, ProductCode, Family FROM Product2 WHERE (Name LIKE '%Vertex%' AND Name LIKE '%Aii%') AND IsActive = true LIMIT 5
[DEBUG] _search_product_direct: Fallback Querying 'Vertex Aii' (LOOSE) -> SELECT Id, Name, ProductCode, Family FROM Product2 WHERE (Name LIKE '%Vertex%' OR Name LIKE '%Aii%') AND IsActive = true LIMIT 50
[DEBUG] _search_product_direct: Found 5 matches for 'Vertex Aii'
[DEBUG] Mapping complete — 14 unique products found
Processing request of type ListToolsRequest

[DEBUG] parse_requirements_doc: Processing 1718 characters...
[DEBUG] Calling Gemini directly for document parsing via Pydantic schema...
[DEBUG] _call_gemini_direct: Calling Gemini via official Client...
[DEBUG] _call_gemini_direct: Call succeeded.
[DEBUG] Gemini extracted 5 items.
[DEBUG] Extraction complete. Total unique requirements: 5
[DEBUG] _map_requirements_to_catalog: mapping 5 items
[DEBUG] _search_product_direct: Querying 'Analytics & Insights – Forecasting Enterprise' (STRICT) -> SELECT Id, Name, ProductCode, Family FROM Product2 WHERE (Name LIKE '%Analytics%' AND Name LIKE '%Insights%' AND Name LIKE '%Forecasting%') AND IsActive = true LIMIT 5
[DEBUG] _search_product_direct: Fallback Querying 'Analytics & Insights – Forecasting Enterprise' (LOOSE) -> SELECT Id, Name, ProductCode, Family FROM Product2 WHERE (Name LIKE '%Analytics%' OR Name LIKE '%Insights%' OR Name LIKE '%Forecasting%') AND IsActive = true LIMIT 50
[DEBUG] _search_product_direct: Found 2 matches for 'Analytics & Insights – Forecasting Enterprise'
[DEBUG] _search_product_direct: Querying 'BigQuery – BI Engine' (STRICT) -> SELECT Id, Name, ProductCode, Family FROM Product2 WHERE (Name LIKE '%BigQuery%' AND Name LIKE '%Engine%') AND IsActive = true LIMIT 5
[DEBUG] _search_product_direct: Fallback Querying 'BigQuery – BI Engine' (LOOSE) -> SELECT Id, Name, ProductCode, Family FROM Product2 WHERE (Name LIKE '%BigQuery%' OR Name LIKE '%Engine%') AND IsActive = true LIMIT 50
[DEBUG] _search_product_direct: Found 7 matches for 'BigQuery – BI Engine'
[DEBUG] _search_product_direct: Querying 'Data Services – Data Governance Enterprise' (STRICT) -> SELECT Id, Name, ProductCode, Family FROM Product2 WHERE (Name LIKE '%Data%' AND Name LIKE '%Services%' AND Name LIKE '%Data%') AND IsActive = true LIMIT 5
[DEBUG] _search_product_direct: Found 1 matches for 'Data Services – Data Governance Enterprise'
[DEBUG] _search_product_direct: Querying 'Vertex AI Platform Bundle' (STRICT) -> SELECT Id, Name, ProductCode, Family FROM Product2 WHERE (Name LIKE '%Vertex%' AND Name LIKE '%Platform%' AND Name LIKE '%Bundle%') AND IsActive = true LIMIT 5
[DEBUG] _search_product_direct: Found 1 matches for 'Vertex AI Platform Bundle'
[DEBUG] _search_product_direct: Querying 'Support & Success – Enhanced Support Premium' (STRICT) -> SELECT Id, Name, ProductCode, Family FROM Product2 WHERE (Name LIKE '%Support%' AND Name LIKE '%Success%' AND Name LIKE '%Enhanced%') AND IsActive = true LIMIT 5
[DEBUG] _search_product_direct: Fallback Querying 'Support & Success – Enhanced Support Premium' (LOOSE) -> SELECT Id, Name, ProductCode, Family FROM Product2 WHERE (Name LIKE '%Support%' OR Name LIKE '%Success%' OR Name LIKE '%Enhanced%') AND IsActive = true LIMIT 50
[DEBUG] _search_product_direct: Found 5 matches for 'Support & Success – Enhanced Support Premium'
[DEBUG] Mapping complete — 13 unique products found
Processing request of type ListToolsRequest
Processing request of type CallToolRequest
Processing request of type CallToolRequest
Processing request of type CallToolRequest
[DEBUG] _map_requirements_to_catalog: mapping 5 items
[DEBUG] _search_product_direct: Querying 'Analytics & Insights – Forecasting Enterprise' (STRICT) -> SELECT Id, Name, ProductCode, Family FROM Product2 WHERE (Name LIKE '%Analytics%' AND Name LIKE '%Insights%' AND Name LIKE '%Forecasting%') AND IsActive = true LIMIT 5
[DEBUG] _search_product_direct: Fallback Querying 'Analytics & Insights – Forecasting Enterprise' (LOOSE) -> SELECT Id, Name, ProductCode, Family FROM Product2 WHERE (Name LIKE '%Analytics%' OR Name LIKE '%Insights%' OR Name LIKE '%Forecasting%') AND IsActive = true LIMIT 50
[DEBUG] _search_product_direct: Found 2 matches for 'Analytics & Insights – Forecasting Enterprise'
[DEBUG] _search_product_direct: Querying 'BigQuery – BI Engine' (STRICT) -> SELECT Id, Name, ProductCode, Family FROM Product2 WHERE (Name LIKE '%BigQuery%' AND Name LIKE '%Engine%') AND IsActive = true LIMIT 5
[DEBUG] _search_product_direct: Fallback Querying 'BigQuery – BI Engine' (LOOSE) -> SELECT Id, Name, ProductCode, Family FROM Product2 WHERE (Name LIKE '%BigQuery%' OR Name LIKE '%Engine%') AND IsActive = true LIMIT 50
[DEBUG] _search_product_direct: Found 7 matches for 'BigQuery – BI Engine'
[DEBUG] _search_product_direct: Querying 'Data Services – Data Governance Enterprise' (STRICT) -> SELECT Id, Name, ProductCode, Family FROM Product2 WHERE (Name LIKE '%Data%' AND Name LIKE '%Services%' AND Name LIKE '%Data%') AND IsActive = true LIMIT 5
[DEBUG] _search_product_direct: Found 1 matches for 'Data Services – Data Governance Enterprise'
[DEBUG] _search_product_direct: Querying 'Vertex AI Platform Bundle' (STRICT) -> SELECT Id, Name, ProductCode, Family FROM Product2 WHERE (Name LIKE '%Vertex%' AND Name LIKE '%Platform%' AND Name LIKE '%Bundle%') AND IsActive = true LIMIT 5
[DEBUG] _search_product_direct: Found 1 matches for 'Vertex AI Platform Bundle'
[DEBUG] _search_product_direct: Querying 'Support & Success – Enhanced Support Premium' (STRICT) -> SELECT Id, Name, ProductCode, Family FROM Product2 WHERE (Name LIKE '%Support%' AND Name LIKE '%Success%' AND Name LIKE '%Enhanced%') AND IsActive = true LIMIT 5
[DEBUG] _search_product_direct: Fallback Querying 'Support & Success – Enhanced Support Premium' (LOOSE) -> SELECT Id, Name, ProductCode, Family FROM Product2 WHERE (Name LIKE '%Support%' OR Name LIKE '%Success%' OR Name LIKE '%Enhanced%') AND IsActive = true LIMIT 50
[DEBUG] _search_product_direct: Found 5 matches for 'Support & Success – Enhanced Support Premium'
[DEBUG] Mapping complete — 13 unique products found
Tool already exists: get_quote_preview
Tool already exists: get_my_accounts
Tool already exists: get_opportunities_for_account
[DEBUG] _map_requirements_to_catalog: mapping 1 items
[DEBUG] Mapping complete — 1 unique products found
[DEBUG] _map_requirements_to_catalog: mapping 1 items
[DEBUG] Mapping complete — 3 unique products found
[DEBUG] _map_requirements_to_catalog: mapping 1 items
[DEBUG] Mapping complete — 1 unique products found
[DEBUG] _map_requirements_to_catalog: mapping 1 items
[DEBUG] Mapping complete — 1 unique products found
[DEBUG] _map_requirements_to_catalog: mapping 1 items
[DEBUG] Mapping complete — 1 unique products found
Processing request of type ListToolsRequest
[DEBUG] _map_requirements_to_catalog: mapping 6 items
[DEBUG] _search_product_direct: Querying 'Rayban Meta Wayferer' (STRICT) -> SELECT Id, Name, ProductCode, Family FROM Product2 WHERE (Name LIKE '%Rayban%' AND Name LIKE '%Meta%' AND Name LIKE '%Wayferer%') AND IsActive = true LIMIT 5
[DEBUG] _search_product_direct: Fallback Querying 'Rayban Meta Wayferer' (LOOSE) -> SELECT Id, Name, ProductCode, Family FROM Product2 WHERE (Name LIKE '%Rayban%' OR Name LIKE '%Meta%' OR Name LIKE '%Wayferer%') AND IsActive = true LIMIT 50
[DEBUG] _search_product_direct: Found 26 matches for 'Rayban Meta Wayferer'
[DEBUG] _search_product_direct: Querying 'Qest 3' (STRICT) -> SELECT Id, Name, ProductCode, Family FROM Product2 WHERE (Name LIKE '%Qest%') AND IsActive = true LIMIT 5
[DEBUG] _search_product_direct: Complete Fallback (TYPO RESOLUTION) -> SELECT Id, Name, ProductCode, Family FROM Product2 WHERE IsActive = true LIMIT 150
[DEBUG] _search_product_direct: Found 150 matches for 'Qest 3'
[DEBUG] _search_product_direct: Querying 'Meta Qest 3S' (STRICT) -> SELECT Id, Name, ProductCode, Family FROM Product2 WHERE (Name LIKE '%Meta%' AND Name LIKE '%Qest%') AND IsActive = true LIMIT 5
[DEBUG] _search_product_direct: Fallback Querying 'Meta Qest 3S' (LOOSE) -> SELECT Id, Name, ProductCode, Family FROM Product2 WHERE (Name LIKE '%Meta%' OR Name LIKE '%Qest%') AND IsActive = true LIMIT 50
[DEBUG] _search_product_direct: Found 26 matches for 'Meta Qest 3S'
[DEBUG] _search_product_direct: Querying 'Analitics & Insights' (STRICT) -> SELECT Id, Name, ProductCode, Family FROM Product2 WHERE (Name LIKE '%Analitics%' AND Name LIKE '%Insights%') AND IsActive = true LIMIT 5
[DEBUG] _search_product_direct: Fallback Querying 'Analitics & Insights' (LOOSE) -> SELECT Id, Name, ProductCode, Family FROM Product2 WHERE (Name LIKE '%Analitics%' OR Name LIKE '%Insights%') AND IsActive = true LIMIT 50
[DEBUG] _search_product_direct: Found 1 matches for 'Analitics & Insights'
[DEBUG] _search_product_direct: Querying 'Data Servises' (STRICT) -> SELECT Id, Name, ProductCode, Family FROM Product2 WHERE (Name LIKE '%Data%' AND Name LIKE '%Servises%') AND IsActive = true LIMIT 5
[DEBUG] _search_product_direct: Fallback Querying 'Data Servises' (LOOSE) -> SELECT Id, Name, ProductCode, Family FROM Product2 WHERE (Name LIKE '%Data%' OR Name LIKE '%Servises%') AND IsActive = true LIMIT 50
[DEBUG] _search_product_direct: Found 10 matches for 'Data Servises'
[DEBUG] _search_product_direct: Querying 'Vertex Aii' (STRICT) -> SELECT Id, Name, ProductCode, Family FROM Product2 WHERE (Name LIKE '%Vertex%' AND Name LIKE '%Aii%') AND IsActive = true LIMIT 5
[DEBUG] _search_product_direct: Fallback Querying 'Vertex Aii' (LOOSE) -> SELECT Id, Name, ProductCode, Family FROM Product2 WHERE (Name LIKE '%Vertex%' OR Name LIKE '%Aii%') AND IsActive = true LIMIT 50
[DEBUG] _search_product_direct: Found 5 matches for 'Vertex Aii'
[DEBUG] Mapping complete — 154 unique products found
Processing request of type ListToolsRequest
Processing request of type CallToolRequest
Processing request of type CallToolRequest
Processing request of type CallToolRequest
[DEBUG] _map_requirements_to_catalog: mapping 6 items
[DEBUG] _search_product_direct: Querying 'Rayban Meta Wayferer' (STRICT) -> SELECT Id, Name, ProductCode, Family FROM Product2 WHERE (Name LIKE '%Rayban%' AND Name LIKE '%Meta%' AND Name LIKE '%Wayferer%') AND IsActive = true LIMIT 5
[DEBUG] _search_product_direct: Fallback Querying 'Rayban Meta Wayferer' (LOOSE) -> SELECT Id, Name, ProductCode, Family FROM Product2 WHERE (Name LIKE '%Rayban%' OR Name LIKE '%Meta%' OR Name LIKE '%Wayferer%') AND IsActive = true LIMIT 50
[DEBUG] _search_product_direct: Found 26 matches for 'Rayban Meta Wayferer'
[DEBUG] _search_product_direct: Querying 'Qest 3' (STRICT) -> SELECT Id, Name, ProductCode, Family FROM Product2 WHERE (Name LIKE '%Qest%') AND IsActive = true LIMIT 5
[DEBUG] _search_product_direct: Complete Fallback (TYPO RESOLUTION) -> SELECT Id, Name, ProductCode, Family FROM Product2 WHERE IsActive = true LIMIT 150
[DEBUG] _search_product_direct: Found 150 matches for 'Qest 3'
[DEBUG] _search_product_direct: Querying 'Meta Qest 3S' (STRICT) -> SELECT Id, Name, ProductCode, Family FROM Product2 WHERE (Name LIKE '%Meta%' AND Name LIKE '%Qest%') AND IsActive = true LIMIT 5
[DEBUG] _search_product_direct: Fallback Querying 'Meta Qest 3S' (LOOSE) -> SELECT Id, Name, ProductCode, Family FROM Product2 WHERE (Name LIKE '%Meta%' OR Name LIKE '%Qest%') AND IsActive = true LIMIT 50
[DEBUG] _search_product_direct: Found 26 matches for 'Meta Qest 3S'
[DEBUG] _search_product_direct: Querying 'Analitics & Insights' (STRICT) -> SELECT Id, Name, ProductCode, Family FROM Product2 WHERE (Name LIKE '%Analitics%' AND Name LIKE '%Insights%') AND IsActive = true LIMIT 5
[DEBUG] _search_product_direct: Fallback Querying 'Analitics & Insights' (LOOSE) -> SELECT Id, Name, ProductCode, Family FROM Product2 WHERE (Name LIKE '%Analitics%' OR Name LIKE '%Insights%') AND IsActive = true LIMIT 50
[DEBUG] _search_product_direct: Found 1 matches for 'Analitics & Insights'
[DEBUG] _search_product_direct: Querying 'Data Servises' (STRICT) -> SELECT Id, Name, ProductCode, Family FROM Product2 WHERE (Name LIKE '%Data%' AND Name LIKE '%Servises%') AND IsActive = true LIMIT 5
[DEBUG] _search_product_direct: Fallback Querying 'Data Servises' (LOOSE) -> SELECT Id, Name, ProductCode, Family FROM Product2 WHERE (Name LIKE '%Data%' OR Name LIKE '%Servises%') AND IsActive = true LIMIT 50
[DEBUG] _search_product_direct: Found 10 matches for 'Data Servises'
[DEBUG] _search_product_direct: Querying 'Vertex Aii' (STRICT) -> SELECT Id, Name, ProductCode, Family FROM Product2 WHERE (Name LIKE '%Vertex%' AND Name LIKE '%Aii%') AND IsActive = true LIMIT 5
[DEBUG] _search_product_direct: Fallback Querying 'Vertex Aii' (LOOSE) -> SELECT Id, Name, ProductCode, Family FROM Product2 WHERE (Name LIKE '%Vertex%' OR Name LIKE '%Aii%') AND IsActive = true LIMIT 50
[DEBUG] _search_product_direct: Found 5 matches for 'Vertex Aii'
[DEBUG] Mapping complete — 154 unique products found
Processing request of type ListToolsRequest

[DEBUG] parse_requirements_doc: Processing 816 characters...
[DEBUG] Calling Gemini directly for document parsing via Pydantic schema...
[DEBUG] _call_gemini_direct: Calling Gemini via official Client...
[DEBUG] _call_gemini_direct: Call succeeded.
[DEBUG] Gemini extracted 9 items.
[DEBUG] Extraction complete. Total unique requirements: 9
[DEBUG] _map_requirements_to_catalog: mapping 9 items
[DEBUG] _search_product_direct: Querying 'Plasmid DNA Purification Kit' (STRICT) -> SELECT Id, Name, ProductCode, Family FROM Product2 WHERE (Name LIKE '%Plasmid%' AND Name LIKE '%DNA%' AND Name LIKE '%Purification%') AND IsActive = true LIMIT 5
[DEBUG] _search_product_direct: Found 1 matches for 'Plasmid DNA Purification Kit'
[DEBUG] _search_product_direct: Querying 'Endotoxin-Free Plasmid Kit' (STRICT) -> SELECT Id, Name, ProductCode, Family FROM Product2 WHERE (Name LIKE '%Endotoxin-Free%' AND Name LIKE '%Plasmid%' AND Name LIKE '%Kit%') AND IsActive = true LIMIT 5
[DEBUG] _search_product_direct: Found 1 matches for 'Endotoxin-Free Plasmid Kit'
[DEBUG] _search_product_direct: Querying 'Maxi Plasmid Purification Kit' (STRICT) -> SELECT Id, Name, ProductCode, Family FROM Product2 WHERE (Name LIKE '%Maxi%' AND Name LIKE '%Plasmid%' AND Name LIKE '%Purification%') AND IsActive = true LIMIT 5
[DEBUG] _search_product_direct: Found 1 matches for 'Maxi Plasmid Purification Kit'
[DEBUG] _search_product_direct: Querying 'UV-Vis Spectrophotometer' (STRICT) -> SELECT Id, Name, ProductCode, Family FROM Product2 WHERE (Name LIKE '%UV-Vis%' AND Name LIKE '%Spectrophotometer%') AND IsActive = true LIMIT 5
[DEBUG] _search_product_direct: Found 1 matches for 'UV-Vis Spectrophotometer'
[DEBUG] _search_product_direct: Querying 'Orbitrap Mass Spectrometer' (STRICT) -> SELECT Id, Name, ProductCode, Family FROM Product2 WHERE (Name LIKE '%Orbitrap%' AND Name LIKE '%Mass%' AND Name LIKE '%Spectrometer%') AND IsActive = true LIMIT 5
[DEBUG] _search_product_direct: Found 1 matches for 'Orbitrap Mass Spectrometer'
[DEBUG] _search_product_direct: Querying 'Flow Cytometer' (STRICT) -> SELECT Id, Name, ProductCode, Family FROM Product2 WHERE (Name LIKE '%Flow%' AND Name LIKE '%Cytometer%') AND IsActive = true LIMIT 5
[DEBUG] _search_product_direct: Found 3 matches for 'Flow Cytometer'
[DEBUG] _search_product_direct: Querying 'Cell Sorting Flow Cytometer' (STRICT) -> SELECT Id, Name, ProductCode, Family FROM Product2 WHERE (Name LIKE '%Cell%' AND Name LIKE '%Sorting%' AND Name LIKE '%Flow%') AND IsActive = true LIMIT 5
[DEBUG] _search_product_direct: Found 1 matches for 'Cell Sorting Flow Cytometer'
[DEBUG] _search_product_direct: Querying 'qPCR Probe Master Mix' (STRICT) -> SELECT Id, Name, ProductCode, Family FROM Product2 WHERE (Name LIKE '%qPCR%' AND Name LIKE '%Probe%' AND Name LIKE '%Master%') AND IsActive = true LIMIT 5
[DEBUG] _search_product_direct: Found 1 matches for 'qPCR Probe Master Mix'
[DEBUG] _search_product_direct: Querying 'DNA Extraction Kit – Blood' (STRICT) -> SELECT Id, Name, ProductCode, Family FROM Product2 WHERE (Name LIKE '%DNA%' AND Name LIKE '%Extraction%' AND Name LIKE '%Kit%') AND IsActive = true LIMIT 5
[DEBUG] _search_product_direct: Found 2 matches for 'DNA Extraction Kit – Blood'
[DEBUG] Mapping complete — 10 unique products found
Processing request of type ListToolsRequest
Processing request of type CallToolRequest
Processing request of type CallToolRequest
Processing request of type CallToolRequest
[DEBUG] _map_requirements_to_catalog: mapping 9 items
[DEBUG] _search_product_direct: Querying 'Plasmid DNA Purification Kit' (STRICT) -> SELECT Id, Name, ProductCode, Family FROM Product2 WHERE (Name LIKE '%Plasmid%' AND Name LIKE '%DNA%' AND Name LIKE '%Purification%') AND IsActive = true LIMIT 5
[DEBUG] _search_product_direct: Found 1 matches for 'Plasmid DNA Purification Kit'
[DEBUG] _search_product_direct: Querying 'Endotoxin-Free Plasmid Kit' (STRICT) -> SELECT Id, Name, ProductCode, Family FROM Product2 WHERE (Name LIKE '%Endotoxin-Free%' AND Name LIKE '%Plasmid%' AND Name LIKE '%Kit%') AND IsActive = true LIMIT 5
[DEBUG] _search_product_direct: Found 1 matches for 'Endotoxin-Free Plasmid Kit'
[DEBUG] _search_product_direct: Querying 'Maxi Plasmid Purification Kit' (STRICT) -> SELECT Id, Name, ProductCode, Family FROM Product2 WHERE (Name LIKE '%Maxi%' AND Name LIKE '%Plasmid%' AND Name LIKE '%Purification%') AND IsActive = true LIMIT 5
[DEBUG] _search_product_direct: Found 1 matches for 'Maxi Plasmid Purification Kit'
[DEBUG] _search_product_direct: Querying 'UV-Vis Spectrophotometer' (STRICT) -> SELECT Id, Name, ProductCode, Family FROM Product2 WHERE (Name LIKE '%UV-Vis%' AND Name LIKE '%Spectrophotometer%') AND IsActive = true LIMIT 5
[DEBUG] _search_product_direct: Found 1 matches for 'UV-Vis Spectrophotometer'
[DEBUG] _search_product_direct: Querying 'Orbitrap Mass Spectrometer' (STRICT) -> SELECT Id, Name, ProductCode, Family FROM Product2 WHERE (Name LIKE '%Orbitrap%' AND Name LIKE '%Mass%' AND Name LIKE '%Spectrometer%') AND IsActive = true LIMIT 5
[DEBUG] _search_product_direct: Found 1 matches for 'Orbitrap Mass Spectrometer'
[DEBUG] _search_product_direct: Querying 'Flow Cytometer' (STRICT) -> SELECT Id, Name, ProductCode, Family FROM Product2 WHERE (Name LIKE '%Flow%' AND Name LIKE '%Cytometer%') AND IsActive = true LIMIT 5
[DEBUG] _search_product_direct: Found 3 matches for 'Flow Cytometer'
[DEBUG] _search_product_direct: Querying 'Cell Sorting Flow Cytometer' (STRICT) -> SELECT Id, Name, ProductCode, Family FROM Product2 WHERE (Name LIKE '%Cell%' AND Name LIKE '%Sorting%' AND Name LIKE '%Flow%') AND IsActive = true LIMIT 5
[DEBUG] _search_product_direct: Found 1 matches for 'Cell Sorting Flow Cytometer'
[DEBUG] _search_product_direct: Querying 'qPCR Probe Master Mix' (STRICT) -> SELECT Id, Name, ProductCode, Family FROM Product2 WHERE (Name LIKE '%qPCR%' AND Name LIKE '%Probe%' AND Name LIKE '%Master%') AND IsActive = true LIMIT 5
[DEBUG] _search_product_direct: Found 1 matches for 'qPCR Probe Master Mix'
[DEBUG] _search_product_direct: Querying 'DNA Extraction Kit – Blood' (STRICT) -> SELECT Id, Name, ProductCode, Family FROM Product2 WHERE (Name LIKE '%DNA%' AND Name LIKE '%Extraction%' AND Name LIKE '%Kit%') AND IsActive = true LIMIT 5
[DEBUG] _search_product_direct: Found 2 matches for 'DNA Extraction Kit – Blood'
[DEBUG] Mapping complete — 10 unique products found
Processing request of type ListToolsRequest

[DEBUG] parse_requirements_doc: Processing 1106 characters...
[DEBUG] Calling Gemini directly for document parsing via Pydantic schema...
[DEBUG] _call_gemini_direct: Calling Gemini via official Client...
[DEBUG] _call_gemini_direct: Call succeeded.
[DEBUG] Gemini extracted 9 items.
[DEBUG] Extraction complete. Total unique requirements: 9
[DEBUG] _map_requirements_to_catalog: mapping 9 items
[DEBUG] _search_product_direct: Querying 'Plasmid DNA Purification Kits' (STRICT) -> SELECT Id, Name, ProductCode, Family FROM Product2 WHERE (Name LIKE '%Plasmid%' AND Name LIKE '%DNA%' AND Name LIKE '%Purification%') AND IsActive = true LIMIT 5
[DEBUG] _search_product_direct: Found 1 matches for 'Plasmid DNA Purification Kits'
[DEBUG] _search_product_direct: Querying 'Endotoxin-Free Plasmid Kits' (STRICT) -> SELECT Id, Name, ProductCode, Family FROM Product2 WHERE (Name LIKE '%Endotoxin-Free%' AND Name LIKE '%Plasmid%' AND Name LIKE '%Kits%') AND IsActive = true LIMIT 5
[DEBUG] _search_product_direct: Fallback Querying 'Endotoxin-Free Plasmid Kits' (LOOSE) -> SELECT Id, Name, ProductCode, Family FROM Product2 WHERE (Name LIKE '%Endotoxin-Free%' OR Name LIKE '%Plasmid%' OR Name LIKE '%Kits%') AND IsActive = true LIMIT 500
[DEBUG] _search_product_direct: Found 3 matches for 'Endotoxin-Free Plasmid Kits'
[DEBUG] _search_product_direct: Querying 'Maxi Plasmid Purification Kits' (STRICT) -> SELECT Id, Name, ProductCode, Family FROM Product2 WHERE (Name LIKE '%Maxi%' AND Name LIKE '%Plasmid%' AND Name LIKE '%Purification%') AND IsActive = true LIMIT 5
[DEBUG] _search_product_direct: Found 1 matches for 'Maxi Plasmid Purification Kits'
[DEBUG] _search_product_direct: Querying 'UV-Vis Spectrophotometer' (STRICT) -> SELECT Id, Name, ProductCode, Family FROM Product2 WHERE (Name LIKE '%UV-Vis%' AND Name LIKE '%Spectrophotometer%') AND IsActive = true LIMIT 5
[DEBUG] _search_product_direct: Found 1 matches for 'UV-Vis Spectrophotometer'
[DEBUG] _search_product_direct: Querying 'Orbitrap Mass Spectrometer' (STRICT) -> SELECT Id, Name, ProductCode, Family FROM Product2 WHERE (Name LIKE '%Orbitrap%' AND Name LIKE '%Mass%' AND Name LIKE '%Spectrometer%') AND IsActive = true LIMIT 5
[DEBUG] _search_product_direct: Found 1 matches for 'Orbitrap Mass Spectrometer'
[DEBUG] _search_product_direct: Querying 'Flow Cytometer' (STRICT) -> SELECT Id, Name, ProductCode, Family FROM Product2 WHERE (Name LIKE '%Flow%' AND Name LIKE '%Cytometer%') AND IsActive = true LIMIT 5
[DEBUG] _search_product_direct: Found 3 matches for 'Flow Cytometer'
[DEBUG] _search_product_direct: Querying 'Cell Sorting Flow Cytometer' (STRICT) -> SELECT Id, Name, ProductCode, Family FROM Product2 WHERE (Name LIKE '%Cell%' AND Name LIKE '%Sorting%' AND Name LIKE '%Flow%') AND IsActive = true LIMIT 5
[DEBUG] _search_product_direct: Found 1 matches for 'Cell Sorting Flow Cytometer'
[DEBUG] _search_product_direct: Querying 'qPCR Probe Master Mix' (STRICT) -> SELECT Id, Name, ProductCode, Family FROM Product2 WHERE (Name LIKE '%qPCR%' AND Name LIKE '%Probe%' AND Name LIKE '%Master%') AND IsActive = true LIMIT 5
[DEBUG] _search_product_direct: Found 1 matches for 'qPCR Probe Master Mix'
[DEBUG] _search_product_direct: Querying 'DNA Extraction Kit – Blood' (STRICT) -> SELECT Id, Name, ProductCode, Family FROM Product2 WHERE (Name LIKE '%DNA%' AND Name LIKE '%Extraction%' AND Name LIKE '%Kit%') AND IsActive = true LIMIT 5
[DEBUG] _search_product_direct: Found 2 matches for 'DNA Extraction Kit – Blood'
[DEBUG] Mapping complete — 10 unique products found
Processing request of type ListToolsRequest
Processing request of type CallToolRequest
Processing request of type CallToolRequest
Processing request of type CallToolRequest
[DEBUG] _map_requirements_to_catalog: mapping 9 items
[DEBUG] _search_product_direct: Querying 'Plasmid DNA Purification Kits' (STRICT) -> SELECT Id, Name, ProductCode, Family FROM Product2 WHERE (Name LIKE '%Plasmid%' AND Name LIKE '%DNA%' AND Name LIKE '%Purification%') AND IsActive = true LIMIT 5
[DEBUG] _search_product_direct: Found 1 matches for 'Plasmid DNA Purification Kits'
[DEBUG] _search_product_direct: Querying 'Endotoxin-Free Plasmid Kits' (STRICT) -> SELECT Id, Name, ProductCode, Family FROM Product2 WHERE (Name LIKE '%Endotoxin-Free%' AND Name LIKE '%Plasmid%' AND Name LIKE '%Kits%') AND IsActive = true LIMIT 5
[DEBUG] _search_product_direct: Fallback Querying 'Endotoxin-Free Plasmid Kits' (LOOSE) -> SELECT Id, Name, ProductCode, Family FROM Product2 WHERE (Name LIKE '%Endotoxin-Free%' OR Name LIKE '%Plasmid%' OR Name LIKE '%Kits%') AND IsActive = true LIMIT 500
[DEBUG] _search_product_direct: Found 3 matches for 'Endotoxin-Free Plasmid Kits'
[DEBUG] _search_product_direct: Querying 'Maxi Plasmid Purification Kits' (STRICT) -> SELECT Id, Name, ProductCode, Family FROM Product2 WHERE (Name LIKE '%Maxi%' AND Name LIKE '%Plasmid%' AND Name LIKE '%Purification%') AND IsActive = true LIMIT 5
[DEBUG] _search_product_direct: Found 1 matches for 'Maxi Plasmid Purification Kits'
[DEBUG] _search_product_direct: Querying 'UV-Vis Spectrophotometer' (STRICT) -> SELECT Id, Name, ProductCode, Family FROM Product2 WHERE (Name LIKE '%UV-Vis%' AND Name LIKE '%Spectrophotometer%') AND IsActive = true LIMIT 5
[DEBUG] _search_product_direct: Found 1 matches for 'UV-Vis Spectrophotometer'
[DEBUG] _search_product_direct: Querying 'Orbitrap Mass Spectrometer' (STRICT) -> SELECT Id, Name, ProductCode, Family FROM Product2 WHERE (Name LIKE '%Orbitrap%' AND Name LIKE '%Mass%' AND Name LIKE '%Spectrometer%') AND IsActive = true LIMIT 5
[DEBUG] _search_product_direct: Found 1 matches for 'Orbitrap Mass Spectrometer'
[DEBUG] _search_product_direct: Querying 'Flow Cytometer' (STRICT) -> SELECT Id, Name, ProductCode, Family FROM Product2 WHERE (Name LIKE '%Flow%' AND Name LIKE '%Cytometer%') AND IsActive = true LIMIT 5
[DEBUG] _search_product_direct: Found 3 matches for 'Flow Cytometer'
[DEBUG] _search_product_direct: Querying 'Cell Sorting Flow Cytometer' (STRICT) -> SELECT Id, Name, ProductCode, Family FROM Product2 WHERE (Name LIKE '%Cell%' AND Name LIKE '%Sorting%' AND Name LIKE '%Flow%') AND IsActive = true LIMIT 5
[DEBUG] _search_product_direct: Found 1 matches for 'Cell Sorting Flow Cytometer'
[DEBUG] _search_product_direct: Querying 'qPCR Probe Master Mix' (STRICT) -> SELECT Id, Name, ProductCode, Family FROM Product2 WHERE (Name LIKE '%qPCR%' AND Name LIKE '%Probe%' AND Name LIKE '%Master%') AND IsActive = true LIMIT 5
[DEBUG] _search_product_direct: Found 1 matches for 'qPCR Probe Master Mix'
[DEBUG] _search_product_direct: Querying 'DNA Extraction Kit – Blood' (STRICT) -> SELECT Id, Name, ProductCode, Family FROM Product2 WHERE (Name LIKE '%DNA%' AND Name LIKE '%Extraction%' AND Name LIKE '%Kit%') AND IsActive = true LIMIT 5
[DEBUG] _search_product_direct: Found 2 matches for 'DNA Extraction Kit – Blood'
[DEBUG] Mapping complete — 10 unique products found
Processing request of type ListToolsRequest
Processing request of type CallToolRequest
Processing request of type ListToolsRequest
Processing request of type CallToolRequest
Processing request of type ListToolsRequest
Processing request of type CallToolRequest
Processing request of type CallToolRequest
Processing request of type CallToolRequest
Processing request of type ListToolsRequest
Processing request of type CallToolRequest
Processing request of type ListToolsRequest
Processing request of type CallToolRequest
Processing request of type ListToolsRequest
Processing request of type ListToolsRequest
Processing request of type ListToolsRequest
Processing request of type CallToolRequest
Processing request of type ListToolsRequest
Processing request of type CallToolRequest
Processing request of type ListToolsRequest
Processing request of type ListToolsRequest
Processing request of type CallToolRequest
Processing request of type ListToolsRequest
Processing request of type CallToolRequest
Processing request of type ListToolsRequest
Processing request of type ListToolsRequest
Processing request of type ListToolsRequest
Processing request of type CallToolRequest
Processing request of type CallToolRequest
Processing request of type ListToolsRequest
Processing request of type CallToolRequest
Processing request of type ListToolsRequest
Processing request of type CallToolRequest
Processing request of type CallToolRequest
Processing request of type ListToolsRequest
Processing request of type CallToolRequest
Processing request of type ListToolsRequest
Processing request of type CallToolRequest
Processing request of type ListToolsRequest
Processing request of type CallToolRequest
Processing request of type ListToolsRequest
Processing request of type ListToolsRequest
Processing request of type ListToolsRequest
Processing request of type CallToolRequest
Processing request of type ListToolsRequest
Processing request of type ListToolsRequest
Processing request of type ListToolsRequest
Processing request of type ListToolsRequest

[DEBUG] parse_requirements_doc: Processing 1106 characters...
[DEBUG] Calling Gemini directly for document parsing via Pydantic schema...
[DEBUG] _call_gemini_direct: Calling Gemini via official Client...
[DEBUG] _call_gemini_direct: Call succeeded.
[DEBUG] Gemini extracted 9 items.
[DEBUG] Extraction complete. Total unique requirements: 9
[DEBUG] _map_requirements_to_catalog: mapping 9 items
[DEBUG] _search_product_direct: Querying 'Plasmid DNA Purification Kits' (STRICT) -> SELECT Id, Name, ProductCode, Family FROM Product2 WHERE (Name LIKE '%Plasmid%' AND Name LIKE '%DNA%' AND Name LIKE '%Purification%') AND IsActive = true LIMIT 5
[DEBUG] _search_product_direct: Found 1 matches for 'Plasmid DNA Purification Kits'
[DEBUG] _search_product_direct: Querying 'Endotoxin-Free Plasmid Kits' (STRICT) -> SELECT Id, Name, ProductCode, Family FROM Product2 WHERE (Name LIKE '%Endotoxin-Free%' AND Name LIKE '%Plasmid%' AND Name LIKE '%Kits%') AND IsActive = true LIMIT 5
[DEBUG] _search_product_direct: Fallback Querying 'Endotoxin-Free Plasmid Kits' (LOOSE) -> SELECT Id, Name, ProductCode, Family FROM Product2 WHERE (Name LIKE '%Endotoxin-Free%' OR Name LIKE '%Plasmid%' OR Name LIKE '%Kits%') AND IsActive = true LIMIT 500
[DEBUG] _search_product_direct: Found 3 matches for 'Endotoxin-Free Plasmid Kits'
[DEBUG] _search_product_direct: Querying 'Maxi Plasmid Purification Kits' (STRICT) -> SELECT Id, Name, ProductCode, Family FROM Product2 WHERE (Name LIKE '%Maxi%' AND Name LIKE '%Plasmid%' AND Name LIKE '%Purification%') AND IsActive = true LIMIT 5
[DEBUG] _search_product_direct: Found 1 matches for 'Maxi Plasmid Purification Kits'
[DEBUG] _search_product_direct: Querying 'UV-Vis Spectrophotometer' (STRICT) -> SELECT Id, Name, ProductCode, Family FROM Product2 WHERE (Name LIKE '%UV-Vis%' AND Name LIKE '%Spectrophotometer%') AND IsActive = true LIMIT 5
[DEBUG] _search_product_direct: Found 1 matches for 'UV-Vis Spectrophotometer'
[DEBUG] _search_product_direct: Querying 'Orbitrap Mass Spectrometer' (STRICT) -> SELECT Id, Name, ProductCode, Family FROM Product2 WHERE (Name LIKE '%Orbitrap%' AND Name LIKE '%Mass%' AND Name LIKE '%Spectrometer%') AND IsActive = true LIMIT 5
[DEBUG] _search_product_direct: Found 1 matches for 'Orbitrap Mass Spectrometer'
[DEBUG] _search_product_direct: Querying 'Flow Cytometer' (STRICT) -> SELECT Id, Name, ProductCode, Family FROM Product2 WHERE (Name LIKE '%Flow%' AND Name LIKE '%Cytometer%') AND IsActive = true LIMIT 5
[DEBUG] _search_product_direct: Found 3 matches for 'Flow Cytometer'
[DEBUG] _search_product_direct: Querying 'Cell Sorting Flow Cytometer' (STRICT) -> SELECT Id, Name, ProductCode, Family FROM Product2 WHERE (Name LIKE '%Cell%' AND Name LIKE '%Sorting%' AND Name LIKE '%Flow%') AND IsActive = true LIMIT 5
[DEBUG] _search_product_direct: Found 1 matches for 'Cell Sorting Flow Cytometer'
[DEBUG] _search_product_direct: Querying 'qPCR Probe Master Mix' (STRICT) -> SELECT Id, Name, ProductCode, Family FROM Product2 WHERE (Name LIKE '%qPCR%' AND Name LIKE '%Probe%' AND Name LIKE '%Master%') AND IsActive = true LIMIT 5
[DEBUG] _search_product_direct: Found 1 matches for 'qPCR Probe Master Mix'
[DEBUG] _search_product_direct: Querying 'DNA Extraction Kit – Blood' (STRICT) -> SELECT Id, Name, ProductCode, Family FROM Product2 WHERE (Name LIKE '%DNA%' AND Name LIKE '%Extraction%' AND Name LIKE '%Kit%') AND IsActive = true LIMIT 5
[DEBUG] _search_product_direct: Found 2 matches for 'DNA Extraction Kit – Blood'
[DEBUG] Mapping complete — 10 unique products found
Processing request of type ListToolsRequest
Processing request of type CallToolRequest
Processing request of type CallToolRequest
Processing request of type CallToolRequest
[DEBUG] _map_requirements_to_catalog: mapping 9 items
[DEBUG] _search_product_direct: Querying 'Plasmid DNA Purification Kits' (STRICT) -> SELECT Id, Name, ProductCode, Family FROM Product2 WHERE (Name LIKE '%Plasmid%' AND Name LIKE '%DNA%' AND Name LIKE '%Purification%') AND IsActive = true LIMIT 5
[DEBUG] _search_product_direct: Found 1 matches for 'Plasmid DNA Purification Kits'
[DEBUG] _search_product_direct: Querying 'Endotoxin-Free Plasmid Kits' (STRICT) -> SELECT Id, Name, ProductCode, Family FROM Product2 WHERE (Name LIKE '%Endotoxin-Free%' AND Name LIKE '%Plasmid%' AND Name LIKE '%Kits%') AND IsActive = true LIMIT 5
[DEBUG] _search_product_direct: Fallback Querying 'Endotoxin-Free Plasmid Kits' (LOOSE) -> SELECT Id, Name, ProductCode, Family FROM Product2 WHERE (Name LIKE '%Endotoxin-Free%' OR Name LIKE '%Plasmid%' OR Name LIKE '%Kits%') AND IsActive = true LIMIT 500
[DEBUG] _search_product_direct: Found 3 matches for 'Endotoxin-Free Plasmid Kits'
[DEBUG] _search_product_direct: Querying 'Maxi Plasmid Purification Kits' (STRICT) -> SELECT Id, Name, ProductCode, Family FROM Product2 WHERE (Name LIKE '%Maxi%' AND Name LIKE '%Plasmid%' AND Name LIKE '%Purification%') AND IsActive = true LIMIT 5
[DEBUG] _search_product_direct: Found 1 matches for 'Maxi Plasmid Purification Kits'
[DEBUG] _search_product_direct: Querying 'UV-Vis Spectrophotometer' (STRICT) -> SELECT Id, Name, ProductCode, Family FROM Product2 WHERE (Name LIKE '%UV-Vis%' AND Name LIKE '%Spectrophotometer%') AND IsActive = true LIMIT 5
[DEBUG] _search_product_direct: Found 1 matches for 'UV-Vis Spectrophotometer'
[DEBUG] _search_product_direct: Querying 'Orbitrap Mass Spectrometer' (STRICT) -> SELECT Id, Name, ProductCode, Family FROM Product2 WHERE (Name LIKE '%Orbitrap%' AND Name LIKE '%Mass%' AND Name LIKE '%Spectrometer%') AND IsActive = true LIMIT 5
[DEBUG] _search_product_direct: Found 1 matches for 'Orbitrap Mass Spectrometer'
[DEBUG] _search_product_direct: Querying 'Flow Cytometer' (STRICT) -> SELECT Id, Name, ProductCode, Family FROM Product2 WHERE (Name LIKE '%Flow%' AND Name LIKE '%Cytometer%') AND IsActive = true LIMIT 5
[DEBUG] _search_product_direct: Found 3 matches for 'Flow Cytometer'
[DEBUG] _search_product_direct: Querying 'Cell Sorting Flow Cytometer' (STRICT) -> SELECT Id, Name, ProductCode, Family FROM Product2 WHERE (Name LIKE '%Cell%' AND Name LIKE '%Sorting%' AND Name LIKE '%Flow%') AND IsActive = true LIMIT 5
[DEBUG] _search_product_direct: Found 1 matches for 'Cell Sorting Flow Cytometer'
[DEBUG] _search_product_direct: Querying 'qPCR Probe Master Mix' (STRICT) -> SELECT Id, Name, ProductCode, Family FROM Product2 WHERE (Name LIKE '%qPCR%' AND Name LIKE '%Probe%' AND Name LIKE '%Master%') AND IsActive = true LIMIT 5
[DEBUG] _search_product_direct: Found 1 matches for 'qPCR Probe Master Mix'
[DEBUG] _search_product_direct: Querying 'DNA Extraction Kit – Blood' (STRICT) -> SELECT Id, Name, ProductCode, Family FROM Product2 WHERE (Name LIKE '%DNA%' AND Name LIKE '%Extraction%' AND Name LIKE '%Kit%') AND IsActive = true LIMIT 5
[DEBUG] _search_product_direct: Found 2 matches for 'DNA Extraction Kit – Blood'
[DEBUG] Mapping complete — 10 unique products found
Processing request of type ListToolsRequest
Processing request of type CallToolRequest
Processing request of type ListToolsRequest
Processing request of type CallToolRequest
Processing request of type ListToolsRequest
Processing request of type CallToolRequest
Processing request of type CallToolRequest
Processing request of type ListToolsRequest
Processing request of type CallToolRequest
Processing request of type CallToolRequest
Processing request of type ListToolsRequest
Processing request of type CallToolRequest
Processing request of type CallToolRequest
Processing request of type CallToolRequest
Processing request of type CallToolRequest
Processing request of type ListToolsRequest
Processing request of type CallToolRequest
Processing request of type ListToolsRequest
Processing request of type CallToolRequest
Processing request of type ListToolsRequest
Processing request of type CallToolRequest
Processing request of type ListToolsRequest
Processing request of type ListToolsRequest
Processing request of type CallToolRequest
Processing request of type ListToolsRequest
Processing request of type ListToolsRequest

[DEBUG] parse_requirements_doc: Processing 1106 characters...
[DEBUG] Calling Gemini directly for document parsing via Pydantic schema...
[DEBUG] _call_gemini_direct: Calling Gemini via official Client...
[DEBUG] _call_gemini_direct: Call succeeded.
[DEBUG] Gemini extracted 9 items.
[DEBUG] Extraction complete. Total unique requirements: 9
[DEBUG] _map_requirements_to_catalog: mapping 9 items
[DEBUG] _search_product_direct: Querying 'Plasmid DNA Purification Kits' (STRICT) -> SELECT Id, Name, ProductCode, Family FROM Product2 WHERE (Name LIKE '%Plasmid%' AND Name LIKE '%DNA%' AND Name LIKE '%Purification%') AND IsActive = true LIMIT 5
[DEBUG] _search_product_direct: Found 1 matches for 'Plasmid DNA Purification Kits'
[DEBUG] _search_product_direct: Querying 'Endotoxin-Free Plasmid Kits' (STRICT) -> SELECT Id, Name, ProductCode, Family FROM Product2 WHERE (Name LIKE '%Endotoxin-Free%' AND Name LIKE '%Plasmid%' AND Name LIKE '%Kits%') AND IsActive = true LIMIT 5
[DEBUG] _search_product_direct: Fallback Querying 'Endotoxin-Free Plasmid Kits' (LOOSE) -> SELECT Id, Name, ProductCode, Family FROM Product2 WHERE (Name LIKE '%Endotoxin-Free%' OR Name LIKE '%Plasmid%' OR Name LIKE '%Kits%') AND IsActive = true LIMIT 500
[DEBUG] _search_product_direct: Found 3 matches for 'Endotoxin-Free Plasmid Kits'
[DEBUG] _search_product_direct: Querying 'Maxi Plasmid Purification Kits' (STRICT) -> SELECT Id, Name, ProductCode, Family FROM Product2 WHERE (Name LIKE '%Maxi%' AND Name LIKE '%Plasmid%' AND Name LIKE '%Purification%') AND IsActive = true LIMIT 5
[DEBUG] _search_product_direct: Found 1 matches for 'Maxi Plasmid Purification Kits'
[DEBUG] _search_product_direct: Querying 'UV-Vis Spectrophotometer' (STRICT) -> SELECT Id, Name, ProductCode, Family FROM Product2 WHERE (Name LIKE '%UV-Vis%' AND Name LIKE '%Spectrophotometer%') AND IsActive = true LIMIT 5
[DEBUG] _search_product_direct: Found 1 matches for 'UV-Vis Spectrophotometer'
[DEBUG] _search_product_direct: Querying 'Orbitrap Mass Spectrometer' (STRICT) -> SELECT Id, Name, ProductCode, Family FROM Product2 WHERE (Name LIKE '%Orbitrap%' AND Name LIKE '%Mass%' AND Name LIKE '%Spectrometer%') AND IsActive = true LIMIT 5
[DEBUG] _search_product_direct: Found 1 matches for 'Orbitrap Mass Spectrometer'
[DEBUG] _search_product_direct: Querying 'Flow Cytometer' (STRICT) -> SELECT Id, Name, ProductCode, Family FROM Product2 WHERE (Name LIKE '%Flow%' AND Name LIKE '%Cytometer%') AND IsActive = true LIMIT 5
[DEBUG] _search_product_direct: Found 3 matches for 'Flow Cytometer'
[DEBUG] _search_product_direct: Querying 'Cell Sorting Flow Cytometer' (STRICT) -> SELECT Id, Name, ProductCode, Family FROM Product2 WHERE (Name LIKE '%Cell%' AND Name LIKE '%Sorting%' AND Name LIKE '%Flow%') AND IsActive = true LIMIT 5
[DEBUG] _search_product_direct: Found 1 matches for 'Cell Sorting Flow Cytometer'
[DEBUG] _search_product_direct: Querying 'qPCR Probe Master Mix' (STRICT) -> SELECT Id, Name, ProductCode, Family FROM Product2 WHERE (Name LIKE '%qPCR%' AND Name LIKE '%Probe%' AND Name LIKE '%Master%') AND IsActive = true LIMIT 5
[DEBUG] _search_product_direct: Found 1 matches for 'qPCR Probe Master Mix'
[DEBUG] _search_product_direct: Querying 'DNA Extraction Kit – Blood' (STRICT) -> SELECT Id, Name, ProductCode, Family FROM Product2 WHERE (Name LIKE '%DNA%' AND Name LIKE '%Extraction%' AND Name LIKE '%Kit%') AND IsActive = true LIMIT 5
[DEBUG] _search_product_direct: Found 2 matches for 'DNA Extraction Kit – Blood'
[DEBUG] Mapping complete — 10 unique products found
Processing request of type ListToolsRequest
Processing request of type CallToolRequest
Processing request of type CallToolRequest
Processing request of type CallToolRequest
[DEBUG] _map_requirements_to_catalog: mapping 9 items
[DEBUG] _search_product_direct: Querying 'Plasmid DNA Purification Kits' (STRICT) -> SELECT Id, Name, ProductCode, Family FROM Product2 WHERE (Name LIKE '%Plasmid%' AND Name LIKE '%DNA%' AND Name LIKE '%Purification%') AND IsActive = true LIMIT 5
[DEBUG] _search_product_direct: Found 1 matches for 'Plasmid DNA Purification Kits'
[DEBUG] _search_product_direct: Querying 'Endotoxin-Free Plasmid Kits' (STRICT) -> SELECT Id, Name, ProductCode, Family FROM Product2 WHERE (Name LIKE '%Endotoxin-Free%' AND Name LIKE '%Plasmid%' AND Name LIKE '%Kits%') AND IsActive = true LIMIT 5
[DEBUG] _search_product_direct: Fallback Querying 'Endotoxin-Free Plasmid Kits' (LOOSE) -> SELECT Id, Name, ProductCode, Family FROM Product2 WHERE (Name LIKE '%Endotoxin-Free%' OR Name LIKE '%Plasmid%' OR Name LIKE '%Kits%') AND IsActive = true LIMIT 500
[DEBUG] _search_product_direct: Found 3 matches for 'Endotoxin-Free Plasmid Kits'
[DEBUG] _search_product_direct: Querying 'Maxi Plasmid Purification Kits' (STRICT) -> SELECT Id, Name, ProductCode, Family FROM Product2 WHERE (Name LIKE '%Maxi%' AND Name LIKE '%Plasmid%' AND Name LIKE '%Purification%') AND IsActive = true LIMIT 5
[DEBUG] _search_product_direct: Found 1 matches for 'Maxi Plasmid Purification Kits'
[DEBUG] _search_product_direct: Querying 'UV-Vis Spectrophotometer' (STRICT) -> SELECT Id, Name, ProductCode, Family FROM Product2 WHERE (Name LIKE '%UV-Vis%' AND Name LIKE '%Spectrophotometer%') AND IsActive = true LIMIT 5
[DEBUG] _search_product_direct: Found 1 matches for 'UV-Vis Spectrophotometer'
[DEBUG] _search_product_direct: Querying 'Orbitrap Mass Spectrometer' (STRICT) -> SELECT Id, Name, ProductCode, Family FROM Product2 WHERE (Name LIKE '%Orbitrap%' AND Name LIKE '%Mass%' AND Name LIKE '%Spectrometer%') AND IsActive = true LIMIT 5
[DEBUG] _search_product_direct: Found 1 matches for 'Orbitrap Mass Spectrometer'
[DEBUG] _search_product_direct: Querying 'Flow Cytometer' (STRICT) -> SELECT Id, Name, ProductCode, Family FROM Product2 WHERE (Name LIKE '%Flow%' AND Name LIKE '%Cytometer%') AND IsActive = true LIMIT 5
[DEBUG] _search_product_direct: Found 3 matches for 'Flow Cytometer'
[DEBUG] _search_product_direct: Querying 'Cell Sorting Flow Cytometer' (STRICT) -> SELECT Id, Name, ProductCode, Family FROM Product2 WHERE (Name LIKE '%Cell%' AND Name LIKE '%Sorting%' AND Name LIKE '%Flow%') AND IsActive = true LIMIT 5
[DEBUG] _search_product_direct: Found 1 matches for 'Cell Sorting Flow Cytometer'
[DEBUG] _search_product_direct: Querying 'qPCR Probe Master Mix' (STRICT) -> SELECT Id, Name, ProductCode, Family FROM Product2 WHERE (Name LIKE '%qPCR%' AND Name LIKE '%Probe%' AND Name LIKE '%Master%') AND IsActive = true LIMIT 5
[DEBUG] _search_product_direct: Found 1 matches for 'qPCR Probe Master Mix'
[DEBUG] _search_product_direct: Querying 'DNA Extraction Kit – Blood' (STRICT) -> SELECT Id, Name, ProductCode, Family FROM Product2 WHERE (Name LIKE '%DNA%' AND Name LIKE '%Extraction%' AND Name LIKE '%Kit%') AND IsActive = true LIMIT 5
[DEBUG] _search_product_direct: Found 2 matches for 'DNA Extraction Kit – Blood'
[DEBUG] Mapping complete — 10 unique products found
Processing request of type ListToolsRequest
Processing request of type CallToolRequest
Processing request of type ListToolsRequest
Processing request of type CallToolRequest
Processing request of type ListToolsRequest
Processing request of type CallToolRequest
Processing request of type CallToolRequest
Processing request of type ListToolsRequest
Processing request of type CallToolRequest
Processing request of type ListToolsRequest
Processing request of type CallToolRequest
Processing request of type ListToolsRequest
Processing request of type ListToolsRequest
Processing request of type ListToolsRequest

[DEBUG] parse_requirements_doc: Processing 1106 characters...
[DEBUG] Calling Gemini directly for document parsing via Pydantic schema...
[DEBUG] _call_gemini_direct: Calling Gemini via official Client...
[DEBUG] _call_gemini_direct: Call succeeded.
[DEBUG] Gemini extracted 9 items.
[DEBUG] Extraction complete. Total unique requirements: 9
[DEBUG] _map_requirements_to_catalog: mapping 9 items
[DEBUG] _search_product_direct: Querying 'Plasmid DNA Purification Kits' (STRICT) -> SELECT Id, Name, ProductCode, Family FROM Product2 WHERE (Name LIKE '%Plasmid%' AND Name LIKE '%DNA%' AND Name LIKE '%Purification%') AND IsActive = true LIMIT 5
[DEBUG] _search_product_direct: Found 1 matches for 'Plasmid DNA Purification Kits'
[DEBUG] _search_product_direct: Querying 'Endotoxin-Free Plasmid Kits' (STRICT) -> SELECT Id, Name, ProductCode, Family FROM Product2 WHERE (Name LIKE '%Endotoxin-Free%' AND Name LIKE '%Plasmid%' AND Name LIKE '%Kits%') AND IsActive = true LIMIT 5
[DEBUG] _search_product_direct: Fallback Querying 'Endotoxin-Free Plasmid Kits' (LOOSE) -> SELECT Id, Name, ProductCode, Family FROM Product2 WHERE (Name LIKE '%Endotoxin-Free%' OR Name LIKE '%Plasmid%' OR Name LIKE '%Kits%') AND IsActive = true LIMIT 500
[DEBUG] _search_product_direct: Found 3 matches for 'Endotoxin-Free Plasmid Kits'
[DEBUG] _search_product_direct: Querying 'Maxi Plasmid Purification Kits' (STRICT) -> SELECT Id, Name, ProductCode, Family FROM Product2 WHERE (Name LIKE '%Maxi%' AND Name LIKE '%Plasmid%' AND Name LIKE '%Purification%') AND IsActive = true LIMIT 5
[DEBUG] _search_product_direct: Found 1 matches for 'Maxi Plasmid Purification Kits'
[DEBUG] _search_product_direct: Querying 'UV-Vis Spectrophotometer' (STRICT) -> SELECT Id, Name, ProductCode, Family FROM Product2 WHERE (Name LIKE '%UV-Vis%' AND Name LIKE '%Spectrophotometer%') AND IsActive = true LIMIT 5
[DEBUG] _search_product_direct: Found 1 matches for 'UV-Vis Spectrophotometer'
[DEBUG] _search_product_direct: Querying 'Orbitrap Mass Spectrometer' (STRICT) -> SELECT Id, Name, ProductCode, Family FROM Product2 WHERE (Name LIKE '%Orbitrap%' AND Name LIKE '%Mass%' AND Name LIKE '%Spectrometer%') AND IsActive = true LIMIT 5
[DEBUG] _search_product_direct: Found 1 matches for 'Orbitrap Mass Spectrometer'
[DEBUG] _search_product_direct: Querying 'Flow Cytometer' (STRICT) -> SELECT Id, Name, ProductCode, Family FROM Product2 WHERE (Name LIKE '%Flow%' AND Name LIKE '%Cytometer%') AND IsActive = true LIMIT 5
[DEBUG] _search_product_direct: Found 3 matches for 'Flow Cytometer'
[DEBUG] _search_product_direct: Querying 'Cell Sorting Flow Cytometer' (STRICT) -> SELECT Id, Name, ProductCode, Family FROM Product2 WHERE (Name LIKE '%Cell%' AND Name LIKE '%Sorting%' AND Name LIKE '%Flow%') AND IsActive = true LIMIT 5
[DEBUG] _search_product_direct: Found 1 matches for 'Cell Sorting Flow Cytometer'
[DEBUG] _search_product_direct: Querying 'qPCR Probe Master Mix' (STRICT) -> SELECT Id, Name, ProductCode, Family FROM Product2 WHERE (Name LIKE '%qPCR%' AND Name LIKE '%Probe%' AND Name LIKE '%Master%') AND IsActive = true LIMIT 5
[DEBUG] _search_product_direct: Found 1 matches for 'qPCR Probe Master Mix'
[DEBUG] _search_product_direct: Querying 'DNA Extraction Kit – Blood' (STRICT) -> SELECT Id, Name, ProductCode, Family FROM Product2 WHERE (Name LIKE '%DNA%' AND Name LIKE '%Extraction%' AND Name LIKE '%Kit%') AND IsActive = true LIMIT 5
[DEBUG] _search_product_direct: Found 2 matches for 'DNA Extraction Kit – Blood'
[DEBUG] Mapping complete — 10 unique products found
Processing request of type ListToolsRequest
Processing request of type CallToolRequest
Processing request of type CallToolRequest
Processing request of type CallToolRequest
[DEBUG] _map_requirements_to_catalog: mapping 9 items
[DEBUG] _search_product_direct: Querying 'Plasmid DNA Purification Kits' (STRICT) -> SELECT Id, Name, ProductCode, Family FROM Product2 WHERE (Name LIKE '%Plasmid%' AND Name LIKE '%DNA%' AND Name LIKE '%Purification%') AND IsActive = true LIMIT 5
[DEBUG] _search_product_direct: Found 1 matches for 'Plasmid DNA Purification Kits'
[DEBUG] _search_product_direct: Querying 'Endotoxin-Free Plasmid Kits' (STRICT) -> SELECT Id, Name, ProductCode, Family FROM Product2 WHERE (Name LIKE '%Endotoxin-Free%' AND Name LIKE '%Plasmid%' AND Name LIKE '%Kits%') AND IsActive = true LIMIT 5
[DEBUG] _search_product_direct: Fallback Querying 'Endotoxin-Free Plasmid Kits' (LOOSE) -> SELECT Id, Name, ProductCode, Family FROM Product2 WHERE (Name LIKE '%Endotoxin-Free%' OR Name LIKE '%Plasmid%' OR Name LIKE '%Kits%') AND IsActive = true LIMIT 500
[DEBUG] _search_product_direct: Found 3 matches for 'Endotoxin-Free Plasmid Kits'
[DEBUG] _search_product_direct: Querying 'Maxi Plasmid Purification Kits' (STRICT) -> SELECT Id, Name, ProductCode, Family FROM Product2 WHERE (Name LIKE '%Maxi%' AND Name LIKE '%Plasmid%' AND Name LIKE '%Purification%') AND IsActive = true LIMIT 5
[DEBUG] _search_product_direct: Found 1 matches for 'Maxi Plasmid Purification Kits'
[DEBUG] _search_product_direct: Querying 'UV-Vis Spectrophotometer' (STRICT) -> SELECT Id, Name, ProductCode, Family FROM Product2 WHERE (Name LIKE '%UV-Vis%' AND Name LIKE '%Spectrophotometer%') AND IsActive = true LIMIT 5
[DEBUG] _search_product_direct: Found 1 matches for 'UV-Vis Spectrophotometer'
[DEBUG] _search_product_direct: Querying 'Orbitrap Mass Spectrometer' (STRICT) -> SELECT Id, Name, ProductCode, Family FROM Product2 WHERE (Name LIKE '%Orbitrap%' AND Name LIKE '%Mass%' AND Name LIKE '%Spectrometer%') AND IsActive = true LIMIT 5
[DEBUG] _search_product_direct: Found 1 matches for 'Orbitrap Mass Spectrometer'
[DEBUG] _search_product_direct: Querying 'Flow Cytometer' (STRICT) -> SELECT Id, Name, ProductCode, Family FROM Product2 WHERE (Name LIKE '%Flow%' AND Name LIKE '%Cytometer%') AND IsActive = true LIMIT 5
[DEBUG] _search_product_direct: Found 3 matches for 'Flow Cytometer'
[DEBUG] _search_product_direct: Querying 'Cell Sorting Flow Cytometer' (STRICT) -> SELECT Id, Name, ProductCode, Family FROM Product2 WHERE (Name LIKE '%Cell%' AND Name LIKE '%Sorting%' AND Name LIKE '%Flow%') AND IsActive = true LIMIT 5
[DEBUG] _search_product_direct: Found 1 matches for 'Cell Sorting Flow Cytometer'
[DEBUG] _search_product_direct: Querying 'qPCR Probe Master Mix' (STRICT) -> SELECT Id, Name, ProductCode, Family FROM Product2 WHERE (Name LIKE '%qPCR%' AND Name LIKE '%Probe%' AND Name LIKE '%Master%') AND IsActive = true LIMIT 5
[DEBUG] _search_product_direct: Found 1 matches for 'qPCR Probe Master Mix'
[DEBUG] _search_product_direct: Querying 'DNA Extraction Kit – Blood' (STRICT) -> SELECT Id, Name, ProductCode, Family FROM Product2 WHERE (Name LIKE '%DNA%' AND Name LIKE '%Extraction%' AND Name LIKE '%Kit%') AND IsActive = true LIMIT 5
[DEBUG] _search_product_direct: Found 2 matches for 'DNA Extraction Kit – Blood'
[DEBUG] Mapping complete — 10 unique products found
Processing request of type ListToolsRequest

[DEBUG] parse_requirements_doc: Processing 1106 characters...
[DEBUG] Calling Gemini directly for document parsing via Pydantic schema...
[DEBUG] _call_gemini_direct: Calling Gemini via official Client...
[DEBUG] _call_gemini_direct: Call succeeded.
[DEBUG] Gemini extracted 9 items.
[DEBUG] Extraction complete. Total unique requirements: 9
[DEBUG] _map_requirements_to_catalog: mapping 9 items
[DEBUG] _search_product_direct: Querying 'Plasmid DNA Purification Kits' (STRICT) -> SELECT Id, Name, ProductCode, Family FROM Product2 WHERE (Name LIKE '%Plasmid%' AND Name LIKE '%DNA%' AND Name LIKE '%Purification%') AND IsActive = true LIMIT 5
[DEBUG] _search_product_direct: Found 1 matches for 'Plasmid DNA Purification Kits'
[DEBUG] _search_product_direct: Querying 'Endotoxin-Free Plasmid Kits' (STRICT) -> SELECT Id, Name, ProductCode, Family FROM Product2 WHERE (Name LIKE '%Endotoxin-Free%' AND Name LIKE '%Plasmid%' AND Name LIKE '%Kits%') AND IsActive = true LIMIT 5
[DEBUG] _search_product_direct: Fallback Querying 'Endotoxin-Free Plasmid Kits' (LOOSE) -> SELECT Id, Name, ProductCode, Family FROM Product2 WHERE (Name LIKE '%Endotoxin-Free%' OR Name LIKE '%Plasmid%' OR Name LIKE '%Kits%') AND IsActive = true LIMIT 500
[DEBUG] _search_product_direct: Found 3 matches for 'Endotoxin-Free Plasmid Kits'
[DEBUG] _search_product_direct: Querying 'Maxi Plasmid Purification Kits' (STRICT) -> SELECT Id, Name, ProductCode, Family FROM Product2 WHERE (Name LIKE '%Maxi%' AND Name LIKE '%Plasmid%' AND Name LIKE '%Purification%') AND IsActive = true LIMIT 5
[DEBUG] _search_product_direct: Found 1 matches for 'Maxi Plasmid Purification Kits'
[DEBUG] _search_product_direct: Querying 'UV-Vis Spectrophotometer' (STRICT) -> SELECT Id, Name, ProductCode, Family FROM Product2 WHERE (Name LIKE '%UV-Vis%' AND Name LIKE '%Spectrophotometer%') AND IsActive = true LIMIT 5
[DEBUG] _search_product_direct: Found 1 matches for 'UV-Vis Spectrophotometer'
[DEBUG] _search_product_direct: Querying 'Orbitrap Mass Spectrometer' (STRICT) -> SELECT Id, Name, ProductCode, Family FROM Product2 WHERE (Name LIKE '%Orbitrap%' AND Name LIKE '%Mass%' AND Name LIKE '%Spectrometer%') AND IsActive = true LIMIT 5
[DEBUG] _search_product_direct: Found 1 matches for 'Orbitrap Mass Spectrometer'
[DEBUG] _search_product_direct: Querying 'Flow Cytometer' (STRICT) -> SELECT Id, Name, ProductCode, Family FROM Product2 WHERE (Name LIKE '%Flow%' AND Name LIKE '%Cytometer%') AND IsActive = true LIMIT 5
[DEBUG] _search_product_direct: Found 3 matches for 'Flow Cytometer'
[DEBUG] _search_product_direct: Querying 'Cell Sorting Flow Cytometer' (STRICT) -> SELECT Id, Name, ProductCode, Family FROM Product2 WHERE (Name LIKE '%Cell%' AND Name LIKE '%Sorting%' AND Name LIKE '%Flow%') AND IsActive = true LIMIT 5
[DEBUG] _search_product_direct: Found 1 matches for 'Cell Sorting Flow Cytometer'
[DEBUG] _search_product_direct: Querying 'qPCR Probe Master Mix' (STRICT) -> SELECT Id, Name, ProductCode, Family FROM Product2 WHERE (Name LIKE '%qPCR%' AND Name LIKE '%Probe%' AND Name LIKE '%Master%') AND IsActive = true LIMIT 5
[DEBUG] _search_product_direct: Found 1 matches for 'qPCR Probe Master Mix'
[DEBUG] _search_product_direct: Querying 'DNA Extraction Kit – Blood' (STRICT) -> SELECT Id, Name, ProductCode, Family FROM Product2 WHERE (Name LIKE '%DNA%' AND Name LIKE '%Extraction%' AND Name LIKE '%Kit%') AND IsActive = true LIMIT 5
[DEBUG] _search_product_direct: Found 2 matches for 'DNA Extraction Kit – Blood'
[DEBUG] Mapping complete — 10 unique products found
Processing request of type ListToolsRequest
Processing request of type CallToolRequest
Processing request of type CallToolRequest
Processing request of type CallToolRequest
[DEBUG] _map_requirements_to_catalog: mapping 9 items
[DEBUG] _search_product_direct: Querying 'Plasmid DNA Purification Kits' (STRICT) -> SELECT Id, Name, ProductCode, Family FROM Product2 WHERE (Name LIKE '%Plasmid%' AND Name LIKE '%DNA%' AND Name LIKE '%Purification%') AND IsActive = true LIMIT 5
[DEBUG] _search_product_direct: Found 1 matches for 'Plasmid DNA Purification Kits'
[DEBUG] _search_product_direct: Querying 'Endotoxin-Free Plasmid Kits' (STRICT) -> SELECT Id, Name, ProductCode, Family FROM Product2 WHERE (Name LIKE '%Endotoxin-Free%' AND Name LIKE '%Plasmid%' AND Name LIKE '%Kits%') AND IsActive = true LIMIT 5
[DEBUG] _search_product_direct: Fallback Querying 'Endotoxin-Free Plasmid Kits' (LOOSE) -> SELECT Id, Name, ProductCode, Family FROM Product2 WHERE (Name LIKE '%Endotoxin-Free%' OR Name LIKE '%Plasmid%' OR Name LIKE '%Kits%') AND IsActive = true LIMIT 500
[DEBUG] _search_product_direct: Found 3 matches for 'Endotoxin-Free Plasmid Kits'
[DEBUG] _search_product_direct: Querying 'Maxi Plasmid Purification Kits' (STRICT) -> SELECT Id, Name, ProductCode, Family FROM Product2 WHERE (Name LIKE '%Maxi%' AND Name LIKE '%Plasmid%' AND Name LIKE '%Purification%') AND IsActive = true LIMIT 5
[DEBUG] _search_product_direct: Found 1 matches for 'Maxi Plasmid Purification Kits'
[DEBUG] _search_product_direct: Querying 'UV-Vis Spectrophotometer' (STRICT) -> SELECT Id, Name, ProductCode, Family FROM Product2 WHERE (Name LIKE '%UV-Vis%' AND Name LIKE '%Spectrophotometer%') AND IsActive = true LIMIT 5
[DEBUG] _search_product_direct: Found 1 matches for 'UV-Vis Spectrophotometer'
[DEBUG] _search_product_direct: Querying 'Orbitrap Mass Spectrometer' (STRICT) -> SELECT Id, Name, ProductCode, Family FROM Product2 WHERE (Name LIKE '%Orbitrap%' AND Name LIKE '%Mass%' AND Name LIKE '%Spectrometer%') AND IsActive = true LIMIT 5
[DEBUG] _search_product_direct: Found 1 matches for 'Orbitrap Mass Spectrometer'
[DEBUG] _search_product_direct: Querying 'Flow Cytometer' (STRICT) -> SELECT Id, Name, ProductCode, Family FROM Product2 WHERE (Name LIKE '%Flow%' AND Name LIKE '%Cytometer%') AND IsActive = true LIMIT 5
[DEBUG] _search_product_direct: Found 3 matches for 'Flow Cytometer'
[DEBUG] _search_product_direct: Querying 'Cell Sorting Flow Cytometer' (STRICT) -> SELECT Id, Name, ProductCode, Family FROM Product2 WHERE (Name LIKE '%Cell%' AND Name LIKE '%Sorting%' AND Name LIKE '%Flow%') AND IsActive = true LIMIT 5
[DEBUG] _search_product_direct: Found 1 matches for 'Cell Sorting Flow Cytometer'
[DEBUG] _search_product_direct: Querying 'qPCR Probe Master Mix' (STRICT) -> SELECT Id, Name, ProductCode, Family FROM Product2 WHERE (Name LIKE '%qPCR%' AND Name LIKE '%Probe%' AND Name LIKE '%Master%') AND IsActive = true LIMIT 5
[DEBUG] _search_product_direct: Found 1 matches for 'qPCR Probe Master Mix'
[DEBUG] _search_product_direct: Querying 'DNA Extraction Kit – Blood' (STRICT) -> SELECT Id, Name, ProductCode, Family FROM Product2 WHERE (Name LIKE '%DNA%' AND Name LIKE '%Extraction%' AND Name LIKE '%Kit%') AND IsActive = true LIMIT 5
[DEBUG] _search_product_direct: Found 2 matches for 'DNA Extraction Kit – Blood'
[DEBUG] Mapping complete — 10 unique products found
Processing request of type ListToolsRequest
Processing request of type CallToolRequest
Processing request of type ListToolsRequest
Processing request of type CallToolRequest
Processing request of type ListToolsRequest
Processing request of type CallToolRequest
Processing request of type CallToolRequest
Processing request of type ListToolsRequest
Processing request of type CallToolRequest
Processing request of type ListToolsRequest
Processing request of type ListToolsRequest
Processing request of type ListToolsRequest

[DEBUG] parse_requirements_doc: Processing 1106 characters...
[DEBUG] Calling Gemini directly for document parsing via Pydantic schema...
[DEBUG] _call_gemini_direct: Calling Gemini via official Client...
[DEBUG] _call_gemini_direct: Call succeeded.
[DEBUG] Gemini extracted 9 items.
[DEBUG] Extraction complete. Total unique requirements: 9
[DEBUG] _map_requirements_to_catalog: mapping 9 items
[DEBUG] _search_product_direct: Querying 'Plasmid DNA Purification Kits' (STRICT) -> SELECT Id, Name, ProductCode, Family FROM Product2 WHERE (Name LIKE '%Plasmid%' AND Name LIKE '%DNA%' AND Name LIKE '%Purification%') AND IsActive = true LIMIT 5
[DEBUG] _search_product_direct: Found 1 matches for 'Plasmid DNA Purification Kits'
[DEBUG] _search_product_direct: Querying 'Endotoxin-Free Plasmid Kits' (STRICT) -> SELECT Id, Name, ProductCode, Family FROM Product2 WHERE (Name LIKE '%Endotoxin-Free%' AND Name LIKE '%Plasmid%' AND Name LIKE '%Kits%') AND IsActive = true LIMIT 5
[DEBUG] _search_product_direct: Fallback Querying 'Endotoxin-Free Plasmid Kits' (LOOSE) -> SELECT Id, Name, ProductCode, Family FROM Product2 WHERE (Name LIKE '%Endotoxin-Free%' OR Name LIKE '%Plasmid%' OR Name LIKE '%Kits%') AND IsActive = true LIMIT 500
[DEBUG] _search_product_direct: Found 3 matches for 'Endotoxin-Free Plasmid Kits'
[DEBUG] _search_product_direct: Querying 'Maxi Plasmid Purification Kits' (STRICT) -> SELECT Id, Name, ProductCode, Family FROM Product2 WHERE (Name LIKE '%Maxi%' AND Name LIKE '%Plasmid%' AND Name LIKE '%Purification%') AND IsActive = true LIMIT 5
[DEBUG] _search_product_direct: Found 1 matches for 'Maxi Plasmid Purification Kits'
[DEBUG] _search_product_direct: Querying 'UV-Vis Spectrophotometer' (STRICT) -> SELECT Id, Name, ProductCode, Family FROM Product2 WHERE (Name LIKE '%UV-Vis%' AND Name LIKE '%Spectrophotometer%') AND IsActive = true LIMIT 5
[DEBUG] _search_product_direct: Found 1 matches for 'UV-Vis Spectrophotometer'
[DEBUG] _search_product_direct: Querying 'Orbitrap Mass Spectrometer' (STRICT) -> SELECT Id, Name, ProductCode, Family FROM Product2 WHERE (Name LIKE '%Orbitrap%' AND Name LIKE '%Mass%' AND Name LIKE '%Spectrometer%') AND IsActive = true LIMIT 5
[DEBUG] _search_product_direct: Found 1 matches for 'Orbitrap Mass Spectrometer'
[DEBUG] _search_product_direct: Querying 'Flow Cytometer' (STRICT) -> SELECT Id, Name, ProductCode, Family FROM Product2 WHERE (Name LIKE '%Flow%' AND Name LIKE '%Cytometer%') AND IsActive = true LIMIT 5
[DEBUG] _search_product_direct: Found 3 matches for 'Flow Cytometer'
[DEBUG] _search_product_direct: Querying 'Cell Sorting Flow Cytometer' (STRICT) -> SELECT Id, Name, ProductCode, Family FROM Product2 WHERE (Name LIKE '%Cell%' AND Name LIKE '%Sorting%' AND Name LIKE '%Flow%') AND IsActive = true LIMIT 5
[DEBUG] _search_product_direct: Found 1 matches for 'Cell Sorting Flow Cytometer'
[DEBUG] _search_product_direct: Querying 'qPCR Probe Master Mix' (STRICT) -> SELECT Id, Name, ProductCode, Family FROM Product2 WHERE (Name LIKE '%qPCR%' AND Name LIKE '%Probe%' AND Name LIKE '%Master%') AND IsActive = true LIMIT 5
[DEBUG] _search_product_direct: Found 1 matches for 'qPCR Probe Master Mix'
[DEBUG] _search_product_direct: Querying 'DNA Extraction Kit – Blood' (STRICT) -> SELECT Id, Name, ProductCode, Family FROM Product2 WHERE (Name LIKE '%DNA%' AND Name LIKE '%Extraction%' AND Name LIKE '%Kit%') AND IsActive = true LIMIT 5
[DEBUG] _search_product_direct: Found 2 matches for 'DNA Extraction Kit – Blood'
[DEBUG] Mapping complete — 10 unique products found
Processing request of type ListToolsRequest
Processing request of type CallToolRequest
Processing request of type CallToolRequest
Processing request of type CallToolRequest
[DEBUG] _map_requirements_to_catalog: mapping 9 items
[DEBUG] _search_product_direct: Querying 'Plasmid DNA Purification Kits' (STRICT) -> SELECT Id, Name, ProductCode, Family FROM Product2 WHERE (Name LIKE '%Plasmid%' AND Name LIKE '%DNA%' AND Name LIKE '%Purification%') AND IsActive = true LIMIT 5
[DEBUG] _search_product_direct: Found 1 matches for 'Plasmid DNA Purification Kits'
[DEBUG] _search_product_direct: Querying 'Endotoxin-Free Plasmid Kits' (STRICT) -> SELECT Id, Name, ProductCode, Family FROM Product2 WHERE (Name LIKE '%Endotoxin-Free%' AND Name LIKE '%Plasmid%' AND Name LIKE '%Kits%') AND IsActive = true LIMIT 5
[DEBUG] _search_product_direct: Fallback Querying 'Endotoxin-Free Plasmid Kits' (LOOSE) -> SELECT Id, Name, ProductCode, Family FROM Product2 WHERE (Name LIKE '%Endotoxin-Free%' OR Name LIKE '%Plasmid%' OR Name LIKE '%Kits%') AND IsActive = true LIMIT 500
[DEBUG] _search_product_direct: Found 3 matches for 'Endotoxin-Free Plasmid Kits'
[DEBUG] _search_product_direct: Querying 'Maxi Plasmid Purification Kits' (STRICT) -> SELECT Id, Name, ProductCode, Family FROM Product2 WHERE (Name LIKE '%Maxi%' AND Name LIKE '%Plasmid%' AND Name LIKE '%Purification%') AND IsActive = true LIMIT 5
[DEBUG] _search_product_direct: Found 1 matches for 'Maxi Plasmid Purification Kits'
[DEBUG] _search_product_direct: Querying 'UV-Vis Spectrophotometer' (STRICT) -> SELECT Id, Name, ProductCode, Family FROM Product2 WHERE (Name LIKE '%UV-Vis%' AND Name LIKE '%Spectrophotometer%') AND IsActive = true LIMIT 5
[DEBUG] _search_product_direct: Found 1 matches for 'UV-Vis Spectrophotometer'
[DEBUG] _search_product_direct: Querying 'Orbitrap Mass Spectrometer' (STRICT) -> SELECT Id, Name, ProductCode, Family FROM Product2 WHERE (Name LIKE '%Orbitrap%' AND Name LIKE '%Mass%' AND Name LIKE '%Spectrometer%') AND IsActive = true LIMIT 5
[DEBUG] _search_product_direct: Found 1 matches for 'Orbitrap Mass Spectrometer'
[DEBUG] _search_product_direct: Querying 'Flow Cytometer' (STRICT) -> SELECT Id, Name, ProductCode, Family FROM Product2 WHERE (Name LIKE '%Flow%' AND Name LIKE '%Cytometer%') AND IsActive = true LIMIT 5
[DEBUG] _search_product_direct: Found 3 matches for 'Flow Cytometer'
[DEBUG] _search_product_direct: Querying 'Cell Sorting Flow Cytometer' (STRICT) -> SELECT Id, Name, ProductCode, Family FROM Product2 WHERE (Name LIKE '%Cell%' AND Name LIKE '%Sorting%' AND Name LIKE '%Flow%') AND IsActive = true LIMIT 5
[DEBUG] _search_product_direct: Found 1 matches for 'Cell Sorting Flow Cytometer'
[DEBUG] _search_product_direct: Querying 'qPCR Probe Master Mix' (STRICT) -> SELECT Id, Name, ProductCode, Family FROM Product2 WHERE (Name LIKE '%qPCR%' AND Name LIKE '%Probe%' AND Name LIKE '%Master%') AND IsActive = true LIMIT 5
[DEBUG] _search_product_direct: Found 1 matches for 'qPCR Probe Master Mix'
[DEBUG] _search_product_direct: Querying 'DNA Extraction Kit – Blood' (STRICT) -> SELECT Id, Name, ProductCode, Family FROM Product2 WHERE (Name LIKE '%DNA%' AND Name LIKE '%Extraction%' AND Name LIKE '%Kit%') AND IsActive = true LIMIT 5
[DEBUG] _search_product_direct: Found 2 matches for 'DNA Extraction Kit – Blood'
[DEBUG] Mapping complete — 10 unique products found
Processing request of type ListToolsRequest

[DEBUG] parse_requirements_doc: Processing 1106 characters...
[DEBUG] Calling Gemini directly for document parsing via Pydantic schema...
[DEBUG] _call_gemini_direct: Calling Gemini via official Client...
[DEBUG] _call_gemini_direct: Call succeeded.
[DEBUG] Gemini extracted 9 items.
[DEBUG] Extraction complete. Total unique requirements: 9
[DEBUG] _map_requirements_to_catalog: mapping 9 items
[DEBUG] _search_product_direct: Querying 'Plasmid DNA Purification Kits' (STRICT) -> SELECT Id, Name, ProductCode, Family FROM Product2 WHERE (Name LIKE '%Plasmid%' AND Name LIKE '%DNA%' AND Name LIKE '%Purification%') AND IsActive = true LIMIT 5
[DEBUG] _search_product_direct: Found 1 matches for 'Plasmid DNA Purification Kits'
[DEBUG] _search_product_direct: Querying 'Endotoxin-Free Plasmid Kits' (STRICT) -> SELECT Id, Name, ProductCode, Family FROM Product2 WHERE (Name LIKE '%Endotoxin-Free%' AND Name LIKE '%Plasmid%' AND Name LIKE '%Kits%') AND IsActive = true LIMIT 5
[DEBUG] _search_product_direct: Fallback Querying 'Endotoxin-Free Plasmid Kits' (LOOSE) -> SELECT Id, Name, ProductCode, Family FROM Product2 WHERE (Name LIKE '%Endotoxin-Free%' OR Name LIKE '%Plasmid%' OR Name LIKE '%Kits%') AND IsActive = true LIMIT 500
[DEBUG] _search_product_direct: Found 3 matches for 'Endotoxin-Free Plasmid Kits'
[DEBUG] _search_product_direct: Querying 'Maxi Plasmid Purification Kits' (STRICT) -> SELECT Id, Name, ProductCode, Family FROM Product2 WHERE (Name LIKE '%Maxi%' AND Name LIKE '%Plasmid%' AND Name LIKE '%Purification%') AND IsActive = true LIMIT 5
[DEBUG] _search_product_direct: Found 1 matches for 'Maxi Plasmid Purification Kits'
[DEBUG] _search_product_direct: Querying 'UV-Vis Spectrophotometer' (STRICT) -> SELECT Id, Name, ProductCode, Family FROM Product2 WHERE (Name LIKE '%UV-Vis%' AND Name LIKE '%Spectrophotometer%') AND IsActive = true LIMIT 5
[DEBUG] _search_product_direct: Found 1 matches for 'UV-Vis Spectrophotometer'
[DEBUG] _search_product_direct: Querying 'Orbitrap Mass Spectrometer' (STRICT) -> SELECT Id, Name, ProductCode, Family FROM Product2 WHERE (Name LIKE '%Orbitrap%' AND Name LIKE '%Mass%' AND Name LIKE '%Spectrometer%') AND IsActive = true LIMIT 5
[DEBUG] _search_product_direct: Found 1 matches for 'Orbitrap Mass Spectrometer'
[DEBUG] _search_product_direct: Querying 'Flow Cytometer' (STRICT) -> SELECT Id, Name, ProductCode, Family FROM Product2 WHERE (Name LIKE '%Flow%' AND Name LIKE '%Cytometer%') AND IsActive = true LIMIT 5
[DEBUG] _search_product_direct: Found 3 matches for 'Flow Cytometer'
[DEBUG] _search_product_direct: Querying 'Cell Sorting Flow Cytometer' (STRICT) -> SELECT Id, Name, ProductCode, Family FROM Product2 WHERE (Name LIKE '%Cell%' AND Name LIKE '%Sorting%' AND Name LIKE '%Flow%') AND IsActive = true LIMIT 5
[DEBUG] _search_product_direct: Found 1 matches for 'Cell Sorting Flow Cytometer'
[DEBUG] _search_product_direct: Querying 'qPCR Probe Master Mix' (STRICT) -> SELECT Id, Name, ProductCode, Family FROM Product2 WHERE (Name LIKE '%qPCR%' AND Name LIKE '%Probe%' AND Name LIKE '%Master%') AND IsActive = true LIMIT 5
[DEBUG] _search_product_direct: Found 1 matches for 'qPCR Probe Master Mix'
[DEBUG] _search_product_direct: Querying 'DNA Extraction Kit – Blood' (STRICT) -> SELECT Id, Name, ProductCode, Family FROM Product2 WHERE (Name LIKE '%DNA%' AND Name LIKE '%Extraction%' AND Name LIKE '%Kit%') AND IsActive = true LIMIT 5
[DEBUG] _search_product_direct: Found 2 matches for 'DNA Extraction Kit – Blood'
[DEBUG] Mapping complete — 10 unique products found
Processing request of type ListToolsRequest
Processing request of type CallToolRequest
Processing request of type CallToolRequest
Processing request of type CallToolRequest
[DEBUG] _map_requirements_to_catalog: mapping 9 items
[DEBUG] _search_product_direct: Querying 'Plasmid DNA Purification Kits' (STRICT) -> SELECT Id, Name, ProductCode, Family FROM Product2 WHERE (Name LIKE '%Plasmid%' AND Name LIKE '%DNA%' AND Name LIKE '%Purification%') AND IsActive = true LIMIT 5
[DEBUG] _search_product_direct: Found 1 matches for 'Plasmid DNA Purification Kits'
[DEBUG] _search_product_direct: Querying 'Endotoxin-Free Plasmid Kits' (STRICT) -> SELECT Id, Name, ProductCode, Family FROM Product2 WHERE (Name LIKE '%Endotoxin-Free%' AND Name LIKE '%Plasmid%' AND Name LIKE '%Kits%') AND IsActive = true LIMIT 5
[DEBUG] _search_product_direct: Fallback Querying 'Endotoxin-Free Plasmid Kits' (LOOSE) -> SELECT Id, Name, ProductCode, Family FROM Product2 WHERE (Name LIKE '%Endotoxin-Free%' OR Name LIKE '%Plasmid%' OR Name LIKE '%Kits%') AND IsActive = true LIMIT 500
[DEBUG] _search_product_direct: Found 3 matches for 'Endotoxin-Free Plasmid Kits'
[DEBUG] _search_product_direct: Querying 'Maxi Plasmid Purification Kits' (STRICT) -> SELECT Id, Name, ProductCode, Family FROM Product2 WHERE (Name LIKE '%Maxi%' AND Name LIKE '%Plasmid%' AND Name LIKE '%Purification%') AND IsActive = true LIMIT 5
[DEBUG] _search_product_direct: Found 1 matches for 'Maxi Plasmid Purification Kits'
[DEBUG] _search_product_direct: Querying 'UV-Vis Spectrophotometer' (STRICT) -> SELECT Id, Name, ProductCode, Family FROM Product2 WHERE (Name LIKE '%UV-Vis%' AND Name LIKE '%Spectrophotometer%') AND IsActive = true LIMIT 5
[DEBUG] _search_product_direct: Found 1 matches for 'UV-Vis Spectrophotometer'
[DEBUG] _search_product_direct: Querying 'Orbitrap Mass Spectrometer' (STRICT) -> SELECT Id, Name, ProductCode, Family FROM Product2 WHERE (Name LIKE '%Orbitrap%' AND Name LIKE '%Mass%' AND Name LIKE '%Spectrometer%') AND IsActive = true LIMIT 5
[DEBUG] _search_product_direct: Found 1 matches for 'Orbitrap Mass Spectrometer'
[DEBUG] _search_product_direct: Querying 'Flow Cytometer' (STRICT) -> SELECT Id, Name, ProductCode, Family FROM Product2 WHERE (Name LIKE '%Flow%' AND Name LIKE '%Cytometer%') AND IsActive = true LIMIT 5
[DEBUG] _search_product_direct: Found 3 matches for 'Flow Cytometer'
[DEBUG] _search_product_direct: Querying 'Cell Sorting Flow Cytometer' (STRICT) -> SELECT Id, Name, ProductCode, Family FROM Product2 WHERE (Name LIKE '%Cell%' AND Name LIKE '%Sorting%' AND Name LIKE '%Flow%') AND IsActive = true LIMIT 5
[DEBUG] _search_product_direct: Found 1 matches for 'Cell Sorting Flow Cytometer'
[DEBUG] _search_product_direct: Querying 'qPCR Probe Master Mix' (STRICT) -> SELECT Id, Name, ProductCode, Family FROM Product2 WHERE (Name LIKE '%qPCR%' AND Name LIKE '%Probe%' AND Name LIKE '%Master%') AND IsActive = true LIMIT 5
[DEBUG] _search_product_direct: Found 1 matches for 'qPCR Probe Master Mix'
[DEBUG] _search_product_direct: Querying 'DNA Extraction Kit – Blood' (STRICT) -> SELECT Id, Name, ProductCode, Family FROM Product2 WHERE (Name LIKE '%DNA%' AND Name LIKE '%Extraction%' AND Name LIKE '%Kit%') AND IsActive = true LIMIT 5
[DEBUG] _search_product_direct: Found 2 matches for 'DNA Extraction Kit – Blood'
[DEBUG] Mapping complete — 10 unique products found
Processing request of type ListToolsRequest
Processing request of type CallToolRequest
Processing request of type ListToolsRequest
Processing request of type CallToolRequest
Processing request of type ListToolsRequest
Processing request of type CallToolRequest
Processing request of type CallToolRequest
Processing request of type ListToolsRequest
Processing request of type CallToolRequest
Processing request of type ListToolsRequest
Processing request of type CallToolRequest
Processing request of type ListToolsRequest
Processing request of type ListToolsRequest

[DEBUG] parse_requirements_doc: Processing 1106 characters...
[DEBUG] Calling Gemini directly for document parsing via Pydantic schema...
[DEBUG] _call_gemini_direct: Calling Gemini via official Client...
[DEBUG] _call_gemini_direct: Call succeeded.
[DEBUG] Gemini extracted 9 items.
[DEBUG] Extraction complete. Total unique requirements: 9
[DEBUG] _map_requirements_to_catalog: mapping 9 items
[DEBUG] _search_product_direct: Querying 'Plasmid DNA Purification Kits' (STRICT) -> SELECT Id, Name, ProductCode, Family FROM Product2 WHERE (Name LIKE '%Plasmid%' AND Name LIKE '%DNA%' AND Name LIKE '%Purification%') AND IsActive = true LIMIT 5
[DEBUG] _search_product_direct: Found 1 matches for 'Plasmid DNA Purification Kits'
[DEBUG] _search_product_direct: Querying 'Endotoxin-Free Plasmid Kits' (STRICT) -> SELECT Id, Name, ProductCode, Family FROM Product2 WHERE (Name LIKE '%Endotoxin-Free%' AND Name LIKE '%Plasmid%' AND Name LIKE '%Kits%') AND IsActive = true LIMIT 5
[DEBUG] _search_product_direct: Fallback Querying 'Endotoxin-Free Plasmid Kits' (LOOSE) -> SELECT Id, Name, ProductCode, Family FROM Product2 WHERE (Name LIKE '%Endotoxin-Free%' OR Name LIKE '%Plasmid%' OR Name LIKE '%Kits%') AND IsActive = true LIMIT 500
[DEBUG] _search_product_direct: Found 3 matches for 'Endotoxin-Free Plasmid Kits'
[DEBUG] _search_product_direct: Querying 'Maxi Plasmid Purification Kits' (STRICT) -> SELECT Id, Name, ProductCode, Family FROM Product2 WHERE (Name LIKE '%Maxi%' AND Name LIKE '%Plasmid%' AND Name LIKE '%Purification%') AND IsActive = true LIMIT 5
[DEBUG] _search_product_direct: Found 1 matches for 'Maxi Plasmid Purification Kits'
[DEBUG] _search_product_direct: Querying 'UV-Vis Spectrophotometer' (STRICT) -> SELECT Id, Name, ProductCode, Family FROM Product2 WHERE (Name LIKE '%UV-Vis%' AND Name LIKE '%Spectrophotometer%') AND IsActive = true LIMIT 5
[DEBUG] _search_product_direct: Found 1 matches for 'UV-Vis Spectrophotometer'
[DEBUG] _search_product_direct: Querying 'Orbitrap Mass Spectrometer' (STRICT) -> SELECT Id, Name, ProductCode, Family FROM Product2 WHERE (Name LIKE '%Orbitrap%' AND Name LIKE '%Mass%' AND Name LIKE '%Spectrometer%') AND IsActive = true LIMIT 5
[DEBUG] _search_product_direct: Found 1 matches for 'Orbitrap Mass Spectrometer'
[DEBUG] _search_product_direct: Querying 'Flow Cytometer' (STRICT) -> SELECT Id, Name, ProductCode, Family FROM Product2 WHERE (Name LIKE '%Flow%' AND Name LIKE '%Cytometer%') AND IsActive = true LIMIT 5
[DEBUG] _search_product_direct: Found 3 matches for 'Flow Cytometer'
[DEBUG] _search_product_direct: Querying 'Cell Sorting Flow Cytometer' (STRICT) -> SELECT Id, Name, ProductCode, Family FROM Product2 WHERE (Name LIKE '%Cell%' AND Name LIKE '%Sorting%' AND Name LIKE '%Flow%') AND IsActive = true LIMIT 5
[DEBUG] _search_product_direct: Found 1 matches for 'Cell Sorting Flow Cytometer'
[DEBUG] _search_product_direct: Querying 'qPCR Probe Master Mix' (STRICT) -> SELECT Id, Name, ProductCode, Family FROM Product2 WHERE (Name LIKE '%qPCR%' AND Name LIKE '%Probe%' AND Name LIKE '%Master%') AND IsActive = true LIMIT 5
[DEBUG] _search_product_direct: Found 1 matches for 'qPCR Probe Master Mix'
[DEBUG] _search_product_direct: Querying 'DNA Extraction Kit – Blood' (STRICT) -> SELECT Id, Name, ProductCode, Family FROM Product2 WHERE (Name LIKE '%DNA%' AND Name LIKE '%Extraction%' AND Name LIKE '%Kit%') AND IsActive = true LIMIT 5
[DEBUG] _search_product_direct: Found 2 matches for 'DNA Extraction Kit – Blood'
[DEBUG] Mapping complete — 10 unique products found
Processing request of type ListToolsRequest
Processing request of type CallToolRequest
Processing request of type CallToolRequest
Processing request of type CallToolRequest
[DEBUG] _map_requirements_to_catalog: mapping 9 items
[DEBUG] _search_product_direct: Querying 'Plasmid DNA Purification Kits' (STRICT) -> SELECT Id, Name, ProductCode, Family FROM Product2 WHERE (Name LIKE '%Plasmid%' AND Name LIKE '%DNA%' AND Name LIKE '%Purification%') AND IsActive = true LIMIT 5
[DEBUG] _search_product_direct: Found 1 matches for 'Plasmid DNA Purification Kits'
[DEBUG] _search_product_direct: Querying 'Endotoxin-Free Plasmid Kits' (STRICT) -> SELECT Id, Name, ProductCode, Family FROM Product2 WHERE (Name LIKE '%Endotoxin-Free%' AND Name LIKE '%Plasmid%' AND Name LIKE '%Kits%') AND IsActive = true LIMIT 5
[DEBUG] _search_product_direct: Fallback Querying 'Endotoxin-Free Plasmid Kits' (LOOSE) -> SELECT Id, Name, ProductCode, Family FROM Product2 WHERE (Name LIKE '%Endotoxin-Free%' OR Name LIKE '%Plasmid%' OR Name LIKE '%Kits%') AND IsActive = true LIMIT 500
[DEBUG] _search_product_direct: Found 3 matches for 'Endotoxin-Free Plasmid Kits'
[DEBUG] _search_product_direct: Querying 'Maxi Plasmid Purification Kits' (STRICT) -> SELECT Id, Name, ProductCode, Family FROM Product2 WHERE (Name LIKE '%Maxi%' AND Name LIKE '%Plasmid%' AND Name LIKE '%Purification%') AND IsActive = true LIMIT 5
[DEBUG] _search_product_direct: Found 1 matches for 'Maxi Plasmid Purification Kits'
[DEBUG] _search_product_direct: Querying 'UV-Vis Spectrophotometer' (STRICT) -> SELECT Id, Name, ProductCode, Family FROM Product2 WHERE (Name LIKE '%UV-Vis%' AND Name LIKE '%Spectrophotometer%') AND IsActive = true LIMIT 5
[DEBUG] _search_product_direct: Found 1 matches for 'UV-Vis Spectrophotometer'
[DEBUG] _search_product_direct: Querying 'Orbitrap Mass Spectrometer' (STRICT) -> SELECT Id, Name, ProductCode, Family FROM Product2 WHERE (Name LIKE '%Orbitrap%' AND Name LIKE '%Mass%' AND Name LIKE '%Spectrometer%') AND IsActive = true LIMIT 5
[DEBUG] _search_product_direct: Found 1 matches for 'Orbitrap Mass Spectrometer'
[DEBUG] _search_product_direct: Querying 'Flow Cytometer' (STRICT) -> SELECT Id, Name, ProductCode, Family FROM Product2 WHERE (Name LIKE '%Flow%' AND Name LIKE '%Cytometer%') AND IsActive = true LIMIT 5
[DEBUG] _search_product_direct: Found 3 matches for 'Flow Cytometer'
[DEBUG] _search_product_direct: Querying 'Cell Sorting Flow Cytometer' (STRICT) -> SELECT Id, Name, ProductCode, Family FROM Product2 WHERE (Name LIKE '%Cell%' AND Name LIKE '%Sorting%' AND Name LIKE '%Flow%') AND IsActive = true LIMIT 5
[DEBUG] _search_product_direct: Found 1 matches for 'Cell Sorting Flow Cytometer'
[DEBUG] _search_product_direct: Querying 'qPCR Probe Master Mix' (STRICT) -> SELECT Id, Name, ProductCode, Family FROM Product2 WHERE (Name LIKE '%qPCR%' AND Name LIKE '%Probe%' AND Name LIKE '%Master%') AND IsActive = true LIMIT 5
[DEBUG] _search_product_direct: Found 1 matches for 'qPCR Probe Master Mix'
[DEBUG] _search_product_direct: Querying 'DNA Extraction Kit – Blood' (STRICT) -> SELECT Id, Name, ProductCode, Family FROM Product2 WHERE (Name LIKE '%DNA%' AND Name LIKE '%Extraction%' AND Name LIKE '%Kit%') AND IsActive = true LIMIT 5
[DEBUG] _search_product_direct: Found 2 matches for 'DNA Extraction Kit – Blood'
[DEBUG] Mapping complete — 10 unique products found
Processing request of type ListToolsRequest
Processing request of type CallToolRequest
Processing request of type ListToolsRequest
Processing request of type CallToolRequest
Processing request of type ListToolsRequest
Processing request of type CallToolRequest
Processing request of type CallToolRequest
Processing request of type ListToolsRequest
Processing request of type CallToolRequest
Processing request of type ListToolsRequest
Processing request of type ListToolsRequest
Processing request of type CallToolRequest
Processing request of type CallToolRequest
Processing request of type ListToolsRequest
Processing request of type CallToolRequest
Processing request of type ListToolsRequest

[DEBUG] parse_requirements_doc: Processing 1106 characters...
[DEBUG] Calling Gemini directly for document parsing via Pydantic schema...
[DEBUG] _call_gemini_direct: Calling Gemini via official Client...
[DEBUG] _call_gemini_direct: Call succeeded.
[DEBUG] Gemini extracted 9 items.
[DEBUG] Extraction complete. Total unique requirements: 9
[DEBUG] _map_requirements_to_catalog: mapping 9 items
[DEBUG] _search_product_direct: Querying 'Plasmid DNA Purification Kits' (STRICT) -> SELECT Id, Name, ProductCode, Family FROM Product2 WHERE (Name LIKE '%Plasmid%' AND Name LIKE '%DNA%' AND Name LIKE '%Purification%') AND IsActive = true LIMIT 5
[DEBUG] _search_product_direct: Fallback Querying 'Plasmid DNA Purification Kits' (LOOSE) -> SELECT Id, Name, ProductCode, Family FROM Product2 WHERE (Name LIKE '%Plasmid%' OR Name LIKE '%DNA%' OR Name LIKE '%Purification%') AND IsActive = true LIMIT 500
[DEBUG] _search_product_direct: Complete Fallback (TYPO RESOLUTION) -> SELECT Id, Name, ProductCode, Family FROM Product2 WHERE IsActive = true LIMIT 150
[DEBUG] _search_product_direct: Found 0 matches for 'Plasmid DNA Purification Kits'
[DEBUG] _search_product_direct: Querying 'Endotoxin-Free Plasmid Kits' (STRICT) -> SELECT Id, Name, ProductCode, Family FROM Product2 WHERE (Name LIKE '%Endotoxin-Free%' AND Name LIKE '%Plasmid%' AND Name LIKE '%Kits%') AND IsActive = true LIMIT 5
[DEBUG] _search_product_direct: Fallback Querying 'Endotoxin-Free Plasmid Kits' (LOOSE) -> SELECT Id, Name, ProductCode, Family FROM Product2 WHERE (Name LIKE '%Endotoxin-Free%' OR Name LIKE '%Plasmid%' OR Name LIKE '%Kits%') AND IsActive = true LIMIT 500
[DEBUG] _search_product_direct: Complete Fallback (TYPO RESOLUTION) -> SELECT Id, Name, ProductCode, Family FROM Product2 WHERE IsActive = true LIMIT 150
[DEBUG] _search_product_direct: Found 0 matches for 'Endotoxin-Free Plasmid Kits'
[DEBUG] _search_product_direct: Querying 'Maxi Plasmid Purification Kits' (STRICT) -> SELECT Id, Name, ProductCode, Family FROM Product2 WHERE (Name LIKE '%Maxi%' AND Name LIKE '%Plasmid%' AND Name LIKE '%Purification%') AND IsActive = true LIMIT 5
[DEBUG] _search_product_direct: Fallback Querying 'Maxi Plasmid Purification Kits' (LOOSE) -> SELECT Id, Name, ProductCode, Family FROM Product2 WHERE (Name LIKE '%Maxi%' OR Name LIKE '%Plasmid%' OR Name LIKE '%Purification%') AND IsActive = true LIMIT 500
[DEBUG] _search_product_direct: Complete Fallback (TYPO RESOLUTION) -> SELECT Id, Name, ProductCode, Family FROM Product2 WHERE IsActive = true LIMIT 150
[DEBUG] _search_product_direct: Found 0 matches for 'Maxi Plasmid Purification Kits'
[DEBUG] _search_product_direct: Querying 'UV-Vis Spectrophotometer' (STRICT) -> SELECT Id, Name, ProductCode, Family FROM Product2 WHERE (Name LIKE '%UV-Vis%' AND Name LIKE '%Spectrophotometer%') AND IsActive = true LIMIT 5
[DEBUG] _search_product_direct: Fallback Querying 'UV-Vis Spectrophotometer' (LOOSE) -> SELECT Id, Name, ProductCode, Family FROM Product2 WHERE (Name LIKE '%UV-Vis%' OR Name LIKE '%Spectrophotometer%') AND IsActive = true LIMIT 500
[DEBUG] _search_product_direct: Complete Fallback (TYPO RESOLUTION) -> SELECT Id, Name, ProductCode, Family FROM Product2 WHERE IsActive = true LIMIT 150
[DEBUG] _search_product_direct: Found 0 matches for 'UV-Vis Spectrophotometer'
[DEBUG] _search_product_direct: Querying 'Orbitrap Mass Spectrometer' (STRICT) -> SELECT Id, Name, ProductCode, Family FROM Product2 WHERE (Name LIKE '%Orbitrap%' AND Name LIKE '%Mass%' AND Name LIKE '%Spectrometer%') AND IsActive = true LIMIT 5
[DEBUG] _search_product_direct: Fallback Querying 'Orbitrap Mass Spectrometer' (LOOSE) -> SELECT Id, Name, ProductCode, Family FROM Product2 WHERE (Name LIKE '%Orbitrap%' OR Name LIKE '%Mass%' OR Name LIKE '%Spectrometer%') AND IsActive = true LIMIT 500
[DEBUG] _search_product_direct: Complete Fallback (TYPO RESOLUTION) -> SELECT Id, Name, ProductCode, Family FROM Product2 WHERE IsActive = true LIMIT 150
[DEBUG] _search_product_direct: Found 0 matches for 'Orbitrap Mass Spectrometer'
[DEBUG] _search_product_direct: Querying 'Flow Cytometer' (STRICT) -> SELECT Id, Name, ProductCode, Family FROM Product2 WHERE (Name LIKE '%Flow%' AND Name LIKE '%Cytometer%') AND IsActive = true LIMIT 5
[DEBUG] _search_product_direct: Fallback Querying 'Flow Cytometer' (LOOSE) -> SELECT Id, Name, ProductCode, Family FROM Product2 WHERE (Name LIKE '%Flow%' OR Name LIKE '%Cytometer%') AND IsActive = true LIMIT 500
[DEBUG] _search_product_direct: Complete Fallback (TYPO RESOLUTION) -> SELECT Id, Name, ProductCode, Family FROM Product2 WHERE IsActive = true LIMIT 150
[DEBUG] _search_product_direct: Found 0 matches for 'Flow Cytometer'
[DEBUG] _search_product_direct: Querying 'Cell Sorting Flow Cytometer' (STRICT) -> SELECT Id, Name, ProductCode, Family FROM Product2 WHERE (Name LIKE '%Cell%' AND Name LIKE '%Sorting%' AND Name LIKE '%Flow%') AND IsActive = true LIMIT 5
[DEBUG] _search_product_direct: Fallback Querying 'Cell Sorting Flow Cytometer' (LOOSE) -> SELECT Id, Name, ProductCode, Family FROM Product2 WHERE (Name LIKE '%Cell%' OR Name LIKE '%Sorting%' OR Name LIKE '%Flow%') AND IsActive = true LIMIT 500
[DEBUG] _search_product_direct: Complete Fallback (TYPO RESOLUTION) -> SELECT Id, Name, ProductCode, Family FROM Product2 WHERE IsActive = true LIMIT 150
[DEBUG] _search_product_direct: Found 0 matches for 'Cell Sorting Flow Cytometer'
[DEBUG] _search_product_direct: Querying 'qPCR Probe Master Mix' (STRICT) -> SELECT Id, Name, ProductCode, Family FROM Product2 WHERE (Name LIKE '%qPCR%' AND Name LIKE '%Probe%' AND Name LIKE '%Master%') AND IsActive = true LIMIT 5
[DEBUG] _search_product_direct: Fallback Querying 'qPCR Probe Master Mix' (LOOSE) -> SELECT Id, Name, ProductCode, Family FROM Product2 WHERE (Name LIKE '%qPCR%' OR Name LIKE '%Probe%' OR Name LIKE '%Master%') AND IsActive = true LIMIT 500
[DEBUG] _search_product_direct: Complete Fallback (TYPO RESOLUTION) -> SELECT Id, Name, ProductCode, Family FROM Product2 WHERE IsActive = true LIMIT 150
[DEBUG] _search_product_direct: Found 0 matches for 'qPCR Probe Master Mix'
[DEBUG] _search_product_direct: Querying 'DNA Extraction Kit – Blood' (STRICT) -> SELECT Id, Name, ProductCode, Family FROM Product2 WHERE (Name LIKE '%DNA%' AND Name LIKE '%Extraction%' AND Name LIKE '%Kit%') AND IsActive = true LIMIT 5
[DEBUG] _search_product_direct: Fallback Querying 'DNA Extraction Kit – Blood' (LOOSE) -> SELECT Id, Name, ProductCode, Family FROM Product2 WHERE (Name LIKE '%DNA%' OR Name LIKE '%Extraction%' OR Name LIKE '%Kit%') AND IsActive = true LIMIT 500
[DEBUG] _search_product_direct: Complete Fallback (TYPO RESOLUTION) -> SELECT Id, Name, ProductCode, Family FROM Product2 WHERE IsActive = true LIMIT 150
[DEBUG] _search_product_direct: Found 0 matches for 'DNA Extraction Kit – Blood'
[DEBUG] Mapping complete — 0 unique products found
Processing request of type ListToolsRequest
Processing request of type CallToolRequest
Processing request of type CallToolRequest
Processing request of type CallToolRequest
Processing request of type ListToolsRequest

[DEBUG] parse_requirements_doc: Processing 1106 characters...
[DEBUG] Calling Gemini directly for document parsing via Pydantic schema...
[DEBUG] _call_gemini_direct: Calling Gemini via official Client...
[DEBUG] _call_gemini_direct: Call succeeded.
[DEBUG] Gemini extracted 9 items.
[DEBUG] Extraction complete. Total unique requirements: 9
[DEBUG] _map_requirements_to_catalog: mapping 9 items
[DEBUG] _search_product_direct: Querying 'Plasmid DNA Purification Kits' (STRICT) -> SELECT Id, Name, ProductCode, Family FROM Product2 WHERE (Name LIKE '%Plasmid%' AND Name LIKE '%DNA%' AND Name LIKE '%Purification%') AND IsActive = true LIMIT 5
[DEBUG] _search_product_direct: Fallback Querying 'Plasmid DNA Purification Kits' (LOOSE) -> SELECT Id, Name, ProductCode, Family FROM Product2 WHERE (Name LIKE '%Plasmid%' OR Name LIKE '%DNA%' OR Name LIKE '%Purification%') AND IsActive = true LIMIT 500
[DEBUG] _search_product_direct: Complete Fallback (TYPO RESOLUTION) -> SELECT Id, Name, ProductCode, Family FROM Product2 WHERE IsActive = true LIMIT 150
[DEBUG] _search_product_direct: Found 0 matches for 'Plasmid DNA Purification Kits'
[DEBUG] _search_product_direct: Querying 'Endotoxin-Free Plasmid Kits' (STRICT) -> SELECT Id, Name, ProductCode, Family FROM Product2 WHERE (Name LIKE '%Endotoxin-Free%' AND Name LIKE '%Plasmid%' AND Name LIKE '%Kits%') AND IsActive = true LIMIT 5
[DEBUG] _search_product_direct: Fallback Querying 'Endotoxin-Free Plasmid Kits' (LOOSE) -> SELECT Id, Name, ProductCode, Family FROM Product2 WHERE (Name LIKE '%Endotoxin-Free%' OR Name LIKE '%Plasmid%' OR Name LIKE '%Kits%') AND IsActive = true LIMIT 500
[DEBUG] _search_product_direct: Complete Fallback (TYPO RESOLUTION) -> SELECT Id, Name, ProductCode, Family FROM Product2 WHERE IsActive = true LIMIT 150
[DEBUG] _search_product_direct: Found 0 matches for 'Endotoxin-Free Plasmid Kits'
[DEBUG] _search_product_direct: Querying 'Maxi Plasmid Purification Kits' (STRICT) -> SELECT Id, Name, ProductCode, Family FROM Product2 WHERE (Name LIKE '%Maxi%' AND Name LIKE '%Plasmid%' AND Name LIKE '%Purification%') AND IsActive = true LIMIT 5
[DEBUG] _search_product_direct: Fallback Querying 'Maxi Plasmid Purification Kits' (LOOSE) -> SELECT Id, Name, ProductCode, Family FROM Product2 WHERE (Name LIKE '%Maxi%' OR Name LIKE '%Plasmid%' OR Name LIKE '%Purification%') AND IsActive = true LIMIT 500
[DEBUG] _search_product_direct: Complete Fallback (TYPO RESOLUTION) -> SELECT Id, Name, ProductCode, Family FROM Product2 WHERE IsActive = true LIMIT 150
[DEBUG] _search_product_direct: Found 0 matches for 'Maxi Plasmid Purification Kits'
[DEBUG] _search_product_direct: Querying 'UV-Vis Spectrophotometer' (STRICT) -> SELECT Id, Name, ProductCode, Family FROM Product2 WHERE (Name LIKE '%UV-Vis%' AND Name LIKE '%Spectrophotometer%') AND IsActive = true LIMIT 5
[DEBUG] _search_product_direct: Fallback Querying 'UV-Vis Spectrophotometer' (LOOSE) -> SELECT Id, Name, ProductCode, Family FROM Product2 WHERE (Name LIKE '%UV-Vis%' OR Name LIKE '%Spectrophotometer%') AND IsActive = true LIMIT 500
[DEBUG] _search_product_direct: Complete Fallback (TYPO RESOLUTION) -> SELECT Id, Name, ProductCode, Family FROM Product2 WHERE IsActive = true LIMIT 150
[DEBUG] _search_product_direct: Found 0 matches for 'UV-Vis Spectrophotometer'
[DEBUG] _search_product_direct: Querying 'Orbitrap Mass Spectrometer' (STRICT) -> SELECT Id, Name, ProductCode, Family FROM Product2 WHERE (Name LIKE '%Orbitrap%' AND Name LIKE '%Mass%' AND Name LIKE '%Spectrometer%') AND IsActive = true LIMIT 5
[DEBUG] _search_product_direct: Fallback Querying 'Orbitrap Mass Spectrometer' (LOOSE) -> SELECT Id, Name, ProductCode, Family FROM Product2 WHERE (Name LIKE '%Orbitrap%' OR Name LIKE '%Mass%' OR Name LIKE '%Spectrometer%') AND IsActive = true LIMIT 500
[DEBUG] _search_product_direct: Complete Fallback (TYPO RESOLUTION) -> SELECT Id, Name, ProductCode, Family FROM Product2 WHERE IsActive = true LIMIT 150
[DEBUG] _search_product_direct: Found 0 matches for 'Orbitrap Mass Spectrometer'
[DEBUG] _search_product_direct: Querying 'Flow Cytometer' (STRICT) -> SELECT Id, Name, ProductCode, Family FROM Product2 WHERE (Name LIKE '%Flow%' AND Name LIKE '%Cytometer%') AND IsActive = true LIMIT 5
[DEBUG] _search_product_direct: Fallback Querying 'Flow Cytometer' (LOOSE) -> SELECT Id, Name, ProductCode, Family FROM Product2 WHERE (Name LIKE '%Flow%' OR Name LIKE '%Cytometer%') AND IsActive = true LIMIT 500
[DEBUG] _search_product_direct: Complete Fallback (TYPO RESOLUTION) -> SELECT Id, Name, ProductCode, Family FROM Product2 WHERE IsActive = true LIMIT 150
[DEBUG] _search_product_direct: Found 0 matches for 'Flow Cytometer'
[DEBUG] _search_product_direct: Querying 'Cell Sorting Flow Cytometer' (STRICT) -> SELECT Id, Name, ProductCode, Family FROM Product2 WHERE (Name LIKE '%Cell%' AND Name LIKE '%Sorting%' AND Name LIKE '%Flow%') AND IsActive = true LIMIT 5
[DEBUG] _search_product_direct: Fallback Querying 'Cell Sorting Flow Cytometer' (LOOSE) -> SELECT Id, Name, ProductCode, Family FROM Product2 WHERE (Name LIKE '%Cell%' OR Name LIKE '%Sorting%' OR Name LIKE '%Flow%') AND IsActive = true LIMIT 500
[DEBUG] _search_product_direct: Complete Fallback (TYPO RESOLUTION) -> SELECT Id, Name, ProductCode, Family FROM Product2 WHERE IsActive = true LIMIT 150
[DEBUG] _search_product_direct: Found 0 matches for 'Cell Sorting Flow Cytometer'
[DEBUG] _search_product_direct: Querying 'qPCR Probe Master Mix' (STRICT) -> SELECT Id, Name, ProductCode, Family FROM Product2 WHERE (Name LIKE '%qPCR%' AND Name LIKE '%Probe%' AND Name LIKE '%Master%') AND IsActive = true LIMIT 5
[DEBUG] _search_product_direct: Fallback Querying 'qPCR Probe Master Mix' (LOOSE) -> SELECT Id, Name, ProductCode, Family FROM Product2 WHERE (Name LIKE '%qPCR%' OR Name LIKE '%Probe%' OR Name LIKE '%Master%') AND IsActive = true LIMIT 500
[DEBUG] _search_product_direct: Complete Fallback (TYPO RESOLUTION) -> SELECT Id, Name, ProductCode, Family FROM Product2 WHERE IsActive = true LIMIT 150
[DEBUG] _search_product_direct: Found 0 matches for 'qPCR Probe Master Mix'
[DEBUG] _search_product_direct: Querying 'DNA Extraction Kit – Blood' (STRICT) -> SELECT Id, Name, ProductCode, Family FROM Product2 WHERE (Name LIKE '%DNA%' AND Name LIKE '%Extraction%' AND Name LIKE '%Kit%') AND IsActive = true LIMIT 5
[DEBUG] _search_product_direct: Fallback Querying 'DNA Extraction Kit – Blood' (LOOSE) -> SELECT Id, Name, ProductCode, Family FROM Product2 WHERE (Name LIKE '%DNA%' OR Name LIKE '%Extraction%' OR Name LIKE '%Kit%') AND IsActive = true LIMIT 500
[DEBUG] _search_product_direct: Complete Fallback (TYPO RESOLUTION) -> SELECT Id, Name, ProductCode, Family FROM Product2 WHERE IsActive = true LIMIT 150
[DEBUG] _search_product_direct: Found 0 matches for 'DNA Extraction Kit – Blood'
[DEBUG] Mapping complete — 0 unique products found
Processing request of type ListToolsRequest
Processing request of type CallToolRequest
Processing request of type CallToolRequest
Processing request of type CallToolRequest
Processing request of type CallToolRequest
Processing request of type ListToolsRequest

[DEBUG] parse_requirements_doc: Processing 1106 characters...
[DEBUG] Calling Gemini directly for document parsing via Pydantic schema...
[DEBUG] _call_gemini_direct: Calling Gemini via official Client...
[DEBUG] _call_gemini_direct: Call succeeded.
[DEBUG] Gemini extracted 9 items.
[DEBUG] Extraction complete. Total unique requirements: 9
[DEBUG] _map_requirements_to_catalog: mapping 9 items
[DEBUG] _search_product_direct: Querying 'Plasmid DNA Purification Kits' (STRICT) -> SELECT Id, Name, ProductCode, Family FROM Product2 WHERE (Name LIKE '%Plasmid%' AND Name LIKE '%DNA%' AND Name LIKE '%Purification%') AND IsActive = true LIMIT 5
[DEBUG] _search_product_direct: Fallback Querying 'Plasmid DNA Purification Kits' (LOOSE) -> SELECT Id, Name, ProductCode, Family FROM Product2 WHERE (Name LIKE '%Plasmid%' OR Name LIKE '%DNA%' OR Name LIKE '%Purification%') AND IsActive = true LIMIT 500
[DEBUG] _search_product_direct: Complete Fallback (TYPO RESOLUTION) -> SELECT Id, Name, ProductCode, Family FROM Product2 WHERE IsActive = true LIMIT 150
[DEBUG] _search_product_direct: Found 0 matches for 'Plasmid DNA Purification Kits'
[DEBUG] _search_product_direct: Querying 'Endotoxin-Free Plasmid Kits' (STRICT) -> SELECT Id, Name, ProductCode, Family FROM Product2 WHERE (Name LIKE '%Endotoxin-Free%' AND Name LIKE '%Plasmid%' AND Name LIKE '%Kits%') AND IsActive = true LIMIT 5
[DEBUG] _search_product_direct: Fallback Querying 'Endotoxin-Free Plasmid Kits' (LOOSE) -> SELECT Id, Name, ProductCode, Family FROM Product2 WHERE (Name LIKE '%Endotoxin-Free%' OR Name LIKE '%Plasmid%' OR Name LIKE '%Kits%') AND IsActive = true LIMIT 500
[DEBUG] _search_product_direct: Complete Fallback (TYPO RESOLUTION) -> SELECT Id, Name, ProductCode, Family FROM Product2 WHERE IsActive = true LIMIT 150
[DEBUG] _search_product_direct: Found 0 matches for 'Endotoxin-Free Plasmid Kits'
[DEBUG] _search_product_direct: Querying 'Maxi Plasmid Purification Kits' (STRICT) -> SELECT Id, Name, ProductCode, Family FROM Product2 WHERE (Name LIKE '%Maxi%' AND Name LIKE '%Plasmid%' AND Name LIKE '%Purification%') AND IsActive = true LIMIT 5
[DEBUG] _search_product_direct: Fallback Querying 'Maxi Plasmid Purification Kits' (LOOSE) -> SELECT Id, Name, ProductCode, Family FROM Product2 WHERE (Name LIKE '%Maxi%' OR Name LIKE '%Plasmid%' OR Name LIKE '%Purification%') AND IsActive = true LIMIT 500
[DEBUG] _search_product_direct: Complete Fallback (TYPO RESOLUTION) -> SELECT Id, Name, ProductCode, Family FROM Product2 WHERE IsActive = true LIMIT 150
[DEBUG] _search_product_direct: Found 0 matches for 'Maxi Plasmid Purification Kits'
[DEBUG] _search_product_direct: Querying 'UV-Vis Spectrophotometer' (STRICT) -> SELECT Id, Name, ProductCode, Family FROM Product2 WHERE (Name LIKE '%UV-Vis%' AND Name LIKE '%Spectrophotometer%') AND IsActive = true LIMIT 5
[DEBUG] _search_product_direct: Fallback Querying 'UV-Vis Spectrophotometer' (LOOSE) -> SELECT Id, Name, ProductCode, Family FROM Product2 WHERE (Name LIKE '%UV-Vis%' OR Name LIKE '%Spectrophotometer%') AND IsActive = true LIMIT 500
[DEBUG] _search_product_direct: Complete Fallback (TYPO RESOLUTION) -> SELECT Id, Name, ProductCode, Family FROM Product2 WHERE IsActive = true LIMIT 150
[DEBUG] _search_product_direct: Found 0 matches for 'UV-Vis Spectrophotometer'
[DEBUG] _search_product_direct: Querying 'Orbitrap Mass Spectrometer' (STRICT) -> SELECT Id, Name, ProductCode, Family FROM Product2 WHERE (Name LIKE '%Orbitrap%' AND Name LIKE '%Mass%' AND Name LIKE '%Spectrometer%') AND IsActive = true LIMIT 5
[DEBUG] _search_product_direct: Fallback Querying 'Orbitrap Mass Spectrometer' (LOOSE) -> SELECT Id, Name, ProductCode, Family FROM Product2 WHERE (Name LIKE '%Orbitrap%' OR Name LIKE '%Mass%' OR Name LIKE '%Spectrometer%') AND IsActive = true LIMIT 500
[DEBUG] _search_product_direct: Complete Fallback (TYPO RESOLUTION) -> SELECT Id, Name, ProductCode, Family FROM Product2 WHERE IsActive = true LIMIT 150
[DEBUG] _search_product_direct: Found 0 matches for 'Orbitrap Mass Spectrometer'
[DEBUG] _search_product_direct: Querying 'Flow Cytometer' (STRICT) -> SELECT Id, Name, ProductCode, Family FROM Product2 WHERE (Name LIKE '%Flow%' AND Name LIKE '%Cytometer%') AND IsActive = true LIMIT 5
[DEBUG] _search_product_direct: Fallback Querying 'Flow Cytometer' (LOOSE) -> SELECT Id, Name, ProductCode, Family FROM Product2 WHERE (Name LIKE '%Flow%' OR Name LIKE '%Cytometer%') AND IsActive = true LIMIT 500
[DEBUG] _search_product_direct: Complete Fallback (TYPO RESOLUTION) -> SELECT Id, Name, ProductCode, Family FROM Product2 WHERE IsActive = true LIMIT 150
[DEBUG] _search_product_direct: Found 0 matches for 'Flow Cytometer'
[DEBUG] _search_product_direct: Querying 'Cell Sorting Flow Cytometer' (STRICT) -> SELECT Id, Name, ProductCode, Family FROM Product2 WHERE (Name LIKE '%Cell%' AND Name LIKE '%Sorting%' AND Name LIKE '%Flow%') AND IsActive = true LIMIT 5
[DEBUG] _search_product_direct: Fallback Querying 'Cell Sorting Flow Cytometer' (LOOSE) -> SELECT Id, Name, ProductCode, Family FROM Product2 WHERE (Name LIKE '%Cell%' OR Name LIKE '%Sorting%' OR Name LIKE '%Flow%') AND IsActive = true LIMIT 500
[DEBUG] _search_product_direct: Complete Fallback (TYPO RESOLUTION) -> SELECT Id, Name, ProductCode, Family FROM Product2 WHERE IsActive = true LIMIT 150
[DEBUG] _search_product_direct: Found 0 matches for 'Cell Sorting Flow Cytometer'
[DEBUG] _search_product_direct: Querying 'qPCR Probe Master Mix' (STRICT) -> SELECT Id, Name, ProductCode, Family FROM Product2 WHERE (Name LIKE '%qPCR%' AND Name LIKE '%Probe%' AND Name LIKE '%Master%') AND IsActive = true LIMIT 5
[DEBUG] _search_product_direct: Fallback Querying 'qPCR Probe Master Mix' (LOOSE) -> SELECT Id, Name, ProductCode, Family FROM Product2 WHERE (Name LIKE '%qPCR%' OR Name LIKE '%Probe%' OR Name LIKE '%Master%') AND IsActive = true LIMIT 500
[DEBUG] _search_product_direct: Complete Fallback (TYPO RESOLUTION) -> SELECT Id, Name, ProductCode, Family FROM Product2 WHERE IsActive = true LIMIT 150
[DEBUG] _search_product_direct: Found 0 matches for 'qPCR Probe Master Mix'
[DEBUG] _search_product_direct: Querying 'DNA Extraction Kit – Blood' (STRICT) -> SELECT Id, Name, ProductCode, Family FROM Product2 WHERE (Name LIKE '%DNA%' AND Name LIKE '%Extraction%' AND Name LIKE '%Kit%') AND IsActive = true LIMIT 5
[DEBUG] _search_product_direct: Fallback Querying 'DNA Extraction Kit – Blood' (LOOSE) -> SELECT Id, Name, ProductCode, Family FROM Product2 WHERE (Name LIKE '%DNA%' OR Name LIKE '%Extraction%' OR Name LIKE '%Kit%') AND IsActive = true LIMIT 500
[DEBUG] _search_product_direct: Complete Fallback (TYPO RESOLUTION) -> SELECT Id, Name, ProductCode, Family FROM Product2 WHERE IsActive = true LIMIT 150
[DEBUG] _search_product_direct: Found 0 matches for 'DNA Extraction Kit – Blood'
[DEBUG] Mapping complete — 0 unique products found
Processing request of type ListToolsRequest
Processing request of type CallToolRequest
Processing request of type CallToolRequest
Processing request of type CallToolRequest
Processing request of type ListToolsRequest
Processing request of type CallToolRequest
Processing request of type ListToolsRequest

[DEBUG] parse_requirements_doc: Processing 1106 characters...
[DEBUG] Calling Gemini directly for document parsing via Pydantic schema...
[DEBUG] _call_gemini_direct: Calling Gemini via official Client...
[DEBUG] _call_gemini_direct: Call succeeded.
[DEBUG] Gemini extracted 9 items.
[DEBUG] Extraction complete. Total unique requirements: 9
[DEBUG] _map_requirements_to_catalog: mapping 9 items
[DEBUG] _search_product_direct: Querying 'Plasmid DNA Purification Kits' (STRICT) -> SELECT Id, Name, ProductCode, Family FROM Product2 WHERE (Name LIKE '%Plasmid%' AND Name LIKE '%DNA%' AND Name LIKE '%Purification%') AND IsActive = true LIMIT 5
[DEBUG] _search_product_direct: Fallback Querying 'Plasmid DNA Purification Kits' (LOOSE) -> SELECT Id, Name, ProductCode, Family FROM Product2 WHERE (Name LIKE '%Plasmid%' OR Name LIKE '%DNA%' OR Name LIKE '%Purification%') AND IsActive = true LIMIT 500
[DEBUG] _search_product_direct: Complete Fallback (TYPO RESOLUTION) -> SELECT Id, Name, ProductCode, Family FROM Product2 WHERE IsActive = true LIMIT 150
[DEBUG] _search_product_direct: Found 0 matches for 'Plasmid DNA Purification Kits'
[DEBUG] _search_product_direct: Querying 'Endotoxin-Free Plasmid Kits' (STRICT) -> SELECT Id, Name, ProductCode, Family FROM Product2 WHERE (Name LIKE '%Endotoxin-Free%' AND Name LIKE '%Plasmid%' AND Name LIKE '%Kits%') AND IsActive = true LIMIT 5
[DEBUG] _search_product_direct: Fallback Querying 'Endotoxin-Free Plasmid Kits' (LOOSE) -> SELECT Id, Name, ProductCode, Family FROM Product2 WHERE (Name LIKE '%Endotoxin-Free%' OR Name LIKE '%Plasmid%' OR Name LIKE '%Kits%') AND IsActive = true LIMIT 500
[DEBUG] _search_product_direct: Complete Fallback (TYPO RESOLUTION) -> SELECT Id, Name, ProductCode, Family FROM Product2 WHERE IsActive = true LIMIT 150
[DEBUG] _search_product_direct: Found 0 matches for 'Endotoxin-Free Plasmid Kits'
[DEBUG] _search_product_direct: Querying 'Maxi Plasmid Purification Kits' (STRICT) -> SELECT Id, Name, ProductCode, Family FROM Product2 WHERE (Name LIKE '%Maxi%' AND Name LIKE '%Plasmid%' AND Name LIKE '%Purification%') AND IsActive = true LIMIT 5
[DEBUG] _search_product_direct: Fallback Querying 'Maxi Plasmid Purification Kits' (LOOSE) -> SELECT Id, Name, ProductCode, Family FROM Product2 WHERE (Name LIKE '%Maxi%' OR Name LIKE '%Plasmid%' OR Name LIKE '%Purification%') AND IsActive = true LIMIT 500
[DEBUG] _search_product_direct: Complete Fallback (TYPO RESOLUTION) -> SELECT Id, Name, ProductCode, Family FROM Product2 WHERE IsActive = true LIMIT 150
[DEBUG] _search_product_direct: Found 0 matches for 'Maxi Plasmid Purification Kits'
[DEBUG] _search_product_direct: Querying 'UV-Vis Spectrophotometer' (STRICT) -> SELECT Id, Name, ProductCode, Family FROM Product2 WHERE (Name LIKE '%UV-Vis%' AND Name LIKE '%Spectrophotometer%') AND IsActive = true LIMIT 5
[DEBUG] _search_product_direct: Fallback Querying 'UV-Vis Spectrophotometer' (LOOSE) -> SELECT Id, Name, ProductCode, Family FROM Product2 WHERE (Name LIKE '%UV-Vis%' OR Name LIKE '%Spectrophotometer%') AND IsActive = true LIMIT 500
[DEBUG] _search_product_direct: Complete Fallback (TYPO RESOLUTION) -> SELECT Id, Name, ProductCode, Family FROM Product2 WHERE IsActive = true LIMIT 150
[DEBUG] _search_product_direct: Found 0 matches for 'UV-Vis Spectrophotometer'
[DEBUG] _search_product_direct: Querying 'Orbitrap Mass Spectrometer' (STRICT) -> SELECT Id, Name, ProductCode, Family FROM Product2 WHERE (Name LIKE '%Orbitrap%' AND Name LIKE '%Mass%' AND Name LIKE '%Spectrometer%') AND IsActive = true LIMIT 5
[DEBUG] _search_product_direct: Fallback Querying 'Orbitrap Mass Spectrometer' (LOOSE) -> SELECT Id, Name, ProductCode, Family FROM Product2 WHERE (Name LIKE '%Orbitrap%' OR Name LIKE '%Mass%' OR Name LIKE '%Spectrometer%') AND IsActive = true LIMIT 500
[DEBUG] _search_product_direct: Complete Fallback (TYPO RESOLUTION) -> SELECT Id, Name, ProductCode, Family FROM Product2 WHERE IsActive = true LIMIT 150
[DEBUG] _search_product_direct: Found 0 matches for 'Orbitrap Mass Spectrometer'
[DEBUG] _search_product_direct: Querying 'Flow Cytometer' (STRICT) -> SELECT Id, Name, ProductCode, Family FROM Product2 WHERE (Name LIKE '%Flow%' AND Name LIKE '%Cytometer%') AND IsActive = true LIMIT 5
[DEBUG] _search_product_direct: Fallback Querying 'Flow Cytometer' (LOOSE) -> SELECT Id, Name, ProductCode, Family FROM Product2 WHERE (Name LIKE '%Flow%' OR Name LIKE '%Cytometer%') AND IsActive = true LIMIT 500
[DEBUG] _search_product_direct: Complete Fallback (TYPO RESOLUTION) -> SELECT Id, Name, ProductCode, Family FROM Product2 WHERE IsActive = true LIMIT 150
[DEBUG] _search_product_direct: Found 0 matches for 'Flow Cytometer'
[DEBUG] _search_product_direct: Querying 'Cell Sorting Flow Cytometer' (STRICT) -> SELECT Id, Name, ProductCode, Family FROM Product2 WHERE (Name LIKE '%Cell%' AND Name LIKE '%Sorting%' AND Name LIKE '%Flow%') AND IsActive = true LIMIT 5
[DEBUG] _search_product_direct: Fallback Querying 'Cell Sorting Flow Cytometer' (LOOSE) -> SELECT Id, Name, ProductCode, Family FROM Product2 WHERE (Name LIKE '%Cell%' OR Name LIKE '%Sorting%' OR Name LIKE '%Flow%') AND IsActive = true LIMIT 500
[DEBUG] _search_product_direct: Complete Fallback (TYPO RESOLUTION) -> SELECT Id, Name, ProductCode, Family FROM Product2 WHERE IsActive = true LIMIT 150
[DEBUG] _search_product_direct: Found 0 matches for 'Cell Sorting Flow Cytometer'
[DEBUG] _search_product_direct: Querying 'qPCR Probe Master Mix' (STRICT) -> SELECT Id, Name, ProductCode, Family FROM Product2 WHERE (Name LIKE '%qPCR%' AND Name LIKE '%Probe%' AND Name LIKE '%Master%') AND IsActive = true LIMIT 5
[DEBUG] _search_product_direct: Fallback Querying 'qPCR Probe Master Mix' (LOOSE) -> SELECT Id, Name, ProductCode, Family FROM Product2 WHERE (Name LIKE '%qPCR%' OR Name LIKE '%Probe%' OR Name LIKE '%Master%') AND IsActive = true LIMIT 500
[DEBUG] _search_product_direct: Complete Fallback (TYPO RESOLUTION) -> SELECT Id, Name, ProductCode, Family FROM Product2 WHERE IsActive = true LIMIT 150
[DEBUG] _search_product_direct: Found 0 matches for 'qPCR Probe Master Mix'
[DEBUG] _search_product_direct: Querying 'DNA Extraction Kit – Blood' (STRICT) -> SELECT Id, Name, ProductCode, Family FROM Product2 WHERE (Name LIKE '%DNA%' AND Name LIKE '%Extraction%' AND Name LIKE '%Kit%') AND IsActive = true LIMIT 5
[DEBUG] _search_product_direct: Fallback Querying 'DNA Extraction Kit – Blood' (LOOSE) -> SELECT Id, Name, ProductCode, Family FROM Product2 WHERE (Name LIKE '%DNA%' OR Name LIKE '%Extraction%' OR Name LIKE '%Kit%') AND IsActive = true LIMIT 500
[DEBUG] _search_product_direct: Complete Fallback (TYPO RESOLUTION) -> SELECT Id, Name, ProductCode, Family FROM Product2 WHERE IsActive = true LIMIT 150
[DEBUG] _search_product_direct: Found 0 matches for 'DNA Extraction Kit – Blood'
[DEBUG] Mapping complete — 0 unique products found
Processing request of type ListToolsRequest
Processing request of type CallToolRequest
Processing request of type CallToolRequest
Processing request of type CallToolRequest
[DEBUG] _map_requirements_to_catalog: mapping 9 items
[DEBUG] _search_product_direct: Querying 'Plasmid DNA Purification Kits' (STRICT) -> SELECT Id, Name, ProductCode, Family FROM Product2 WHERE (Name LIKE '%Plasmid%' AND Name LIKE '%DNA%' AND Name LIKE '%Purification%') AND IsActive = true LIMIT 5
[DEBUG] _search_product_direct: Fallback Querying 'Plasmid DNA Purification Kits' (LOOSE) -> SELECT Id, Name, ProductCode, Family FROM Product2 WHERE (Name LIKE '%Plasmid%' OR Name LIKE '%DNA%' OR Name LIKE '%Purification%') AND IsActive = true LIMIT 500
[DEBUG] _search_product_direct: Complete Fallback (TYPO RESOLUTION) -> SELECT Id, Name, ProductCode, Family FROM Product2 WHERE IsActive = true LIMIT 150
[DEBUG] _search_product_direct: Found 0 matches for 'Plasmid DNA Purification Kits'
[DEBUG] _search_product_direct: Querying 'Endotoxin-Free Plasmid Kits' (STRICT) -> SELECT Id, Name, ProductCode, Family FROM Product2 WHERE (Name LIKE '%Endotoxin-Free%' AND Name LIKE '%Plasmid%' AND Name LIKE '%Kits%') AND IsActive = true LIMIT 5
[DEBUG] _search_product_direct: Fallback Querying 'Endotoxin-Free Plasmid Kits' (LOOSE) -> SELECT Id, Name, ProductCode, Family FROM Product2 WHERE (Name LIKE '%Endotoxin-Free%' OR Name LIKE '%Plasmid%' OR Name LIKE '%Kits%') AND IsActive = true LIMIT 500
[DEBUG] _search_product_direct: Complete Fallback (TYPO RESOLUTION) -> SELECT Id, Name, ProductCode, Family FROM Product2 WHERE IsActive = true LIMIT 150
[DEBUG] _search_product_direct: Found 0 matches for 'Endotoxin-Free Plasmid Kits'
[DEBUG] _search_product_direct: Querying 'Maxi Plasmid Purification Kits' (STRICT) -> SELECT Id, Name, ProductCode, Family FROM Product2 WHERE (Name LIKE '%Maxi%' AND Name LIKE '%Plasmid%' AND Name LIKE '%Purification%') AND IsActive = true LIMIT 5
[DEBUG] _search_product_direct: Fallback Querying 'Maxi Plasmid Purification Kits' (LOOSE) -> SELECT Id, Name, ProductCode, Family FROM Product2 WHERE (Name LIKE '%Maxi%' OR Name LIKE '%Plasmid%' OR Name LIKE '%Purification%') AND IsActive = true LIMIT 500
[DEBUG] _search_product_direct: Complete Fallback (TYPO RESOLUTION) -> SELECT Id, Name, ProductCode, Family FROM Product2 WHERE IsActive = true LIMIT 150
[DEBUG] _search_product_direct: Found 0 matches for 'Maxi Plasmid Purification Kits'
[DEBUG] _search_product_direct: Querying 'UV-Vis Spectrophotometer' (STRICT) -> SELECT Id, Name, ProductCode, Family FROM Product2 WHERE (Name LIKE '%UV-Vis%' AND Name LIKE '%Spectrophotometer%') AND IsActive = true LIMIT 5
[DEBUG] _search_product_direct: Fallback Querying 'UV-Vis Spectrophotometer' (LOOSE) -> SELECT Id, Name, ProductCode, Family FROM Product2 WHERE (Name LIKE '%UV-Vis%' OR Name LIKE '%Spectrophotometer%') AND IsActive = true LIMIT 500
[DEBUG] _search_product_direct: Complete Fallback (TYPO RESOLUTION) -> SELECT Id, Name, ProductCode, Family FROM Product2 WHERE IsActive = true LIMIT 150
[DEBUG] _search_product_direct: Found 0 matches for 'UV-Vis Spectrophotometer'
[DEBUG] _search_product_direct: Querying 'Orbitrap Mass Spectrometer' (STRICT) -> SELECT Id, Name, ProductCode, Family FROM Product2 WHERE (Name LIKE '%Orbitrap%' AND Name LIKE '%Mass%' AND Name LIKE '%Spectrometer%') AND IsActive = true LIMIT 5
[DEBUG] _search_product_direct: Fallback Querying 'Orbitrap Mass Spectrometer' (LOOSE) -> SELECT Id, Name, ProductCode, Family FROM Product2 WHERE (Name LIKE '%Orbitrap%' OR Name LIKE '%Mass%' OR Name LIKE '%Spectrometer%') AND IsActive = true LIMIT 500
[DEBUG] _search_product_direct: Complete Fallback (TYPO RESOLUTION) -> SELECT Id, Name, ProductCode, Family FROM Product2 WHERE IsActive = true LIMIT 150
[DEBUG] _search_product_direct: Found 0 matches for 'Orbitrap Mass Spectrometer'
[DEBUG] _search_product_direct: Querying 'Flow Cytometer' (STRICT) -> SELECT Id, Name, ProductCode, Family FROM Product2 WHERE (Name LIKE '%Flow%' AND Name LIKE '%Cytometer%') AND IsActive = true LIMIT 5
[DEBUG] _search_product_direct: Fallback Querying 'Flow Cytometer' (LOOSE) -> SELECT Id, Name, ProductCode, Family FROM Product2 WHERE (Name LIKE '%Flow%' OR Name LIKE '%Cytometer%') AND IsActive = true LIMIT 500
[DEBUG] _search_product_direct: Complete Fallback (TYPO RESOLUTION) -> SELECT Id, Name, ProductCode, Family FROM Product2 WHERE IsActive = true LIMIT 150
[DEBUG] _search_product_direct: Found 0 matches for 'Flow Cytometer'
[DEBUG] _search_product_direct: Querying 'Cell Sorting Flow Cytometer' (STRICT) -> SELECT Id, Name, ProductCode, Family FROM Product2 WHERE (Name LIKE '%Cell%' AND Name LIKE '%Sorting%' AND Name LIKE '%Flow%') AND IsActive = true LIMIT 5
[DEBUG] _search_product_direct: Fallback Querying 'Cell Sorting Flow Cytometer' (LOOSE) -> SELECT Id, Name, ProductCode, Family FROM Product2 WHERE (Name LIKE '%Cell%' OR Name LIKE '%Sorting%' OR Name LIKE '%Flow%') AND IsActive = true LIMIT 500
[DEBUG] _search_product_direct: Complete Fallback (TYPO RESOLUTION) -> SELECT Id, Name, ProductCode, Family FROM Product2 WHERE IsActive = true LIMIT 150
[DEBUG] _search_product_direct: Found 0 matches for 'Cell Sorting Flow Cytometer'
[DEBUG] _search_product_direct: Querying 'qPCR Probe Master Mix' (STRICT) -> SELECT Id, Name, ProductCode, Family FROM Product2 WHERE (Name LIKE '%qPCR%' AND Name LIKE '%Probe%' AND Name LIKE '%Master%') AND IsActive = true LIMIT 5
[DEBUG] _search_product_direct: Fallback Querying 'qPCR Probe Master Mix' (LOOSE) -> SELECT Id, Name, ProductCode, Family FROM Product2 WHERE (Name LIKE '%qPCR%' OR Name LIKE '%Probe%' OR Name LIKE '%Master%') AND IsActive = true LIMIT 500
[DEBUG] _search_product_direct: Complete Fallback (TYPO RESOLUTION) -> SELECT Id, Name, ProductCode, Family FROM Product2 WHERE IsActive = true LIMIT 150
[DEBUG] _search_product_direct: Found 0 matches for 'qPCR Probe Master Mix'
[DEBUG] _search_product_direct: Querying 'DNA Extraction Kit – Blood' (STRICT) -> SELECT Id, Name, ProductCode, Family FROM Product2 WHERE (Name LIKE '%DNA%' AND Name LIKE '%Extraction%' AND Name LIKE '%Kit%') AND IsActive = true LIMIT 5
[DEBUG] _search_product_direct: Fallback Querying 'DNA Extraction Kit – Blood' (LOOSE) -> SELECT Id, Name, ProductCode, Family FROM Product2 WHERE (Name LIKE '%DNA%' OR Name LIKE '%Extraction%' OR Name LIKE '%Kit%') AND IsActive = true LIMIT 500
[DEBUG] _search_product_direct: Complete Fallback (TYPO RESOLUTION) -> SELECT Id, Name, ProductCode, Family FROM Product2 WHERE IsActive = true LIMIT 150
[DEBUG] _search_product_direct: Found 0 matches for 'DNA Extraction Kit – Blood'
[DEBUG] Mapping complete — 0 unique products found
Processing request of type ListToolsRequest

[DEBUG] parse_requirements_doc: Processing 1106 characters...
[DEBUG] Calling Gemini directly for document parsing via Pydantic schema...
[DEBUG] _call_gemini_direct: Calling Gemini via official Client...
[DEBUG] _call_gemini_direct: Call succeeded.
[DEBUG] Gemini extracted 9 items.
[DEBUG] Extraction complete. Total unique requirements: 9
[DEBUG] _map_requirements_to_catalog: mapping 9 items
[DEBUG] _search_product_direct: Querying 'Plasmid DNA Purification Kits' (STRICT) -> SELECT Id, Name, ProductCode, Family FROM Product2 WHERE (Name LIKE '%Plasmid%' AND Name LIKE '%DNA%' AND Name LIKE '%Purification%') AND IsActive = true LIMIT 5
[DEBUG] _search_product_direct: Found 1 matches for 'Plasmid DNA Purification Kits'
[DEBUG] _search_product_direct: Querying 'Endotoxin-Free Plasmid Kits' (STRICT) -> SELECT Id, Name, ProductCode, Family FROM Product2 WHERE (Name LIKE '%Endotoxin-Free%' AND Name LIKE '%Plasmid%' AND Name LIKE '%Kits%') AND IsActive = true LIMIT 5
[DEBUG] _search_product_direct: Fallback Querying 'Endotoxin-Free Plasmid Kits' (LOOSE) -> SELECT Id, Name, ProductCode, Family FROM Product2 WHERE (Name LIKE '%Endotoxin-Free%' OR Name LIKE '%Plasmid%' OR Name LIKE '%Kits%') AND IsActive = true LIMIT 500
[DEBUG] _search_product_direct: Found 3 matches for 'Endotoxin-Free Plasmid Kits'
[DEBUG] _search_product_direct: Querying 'Maxi Plasmid Purification Kits' (STRICT) -> SELECT Id, Name, ProductCode, Family FROM Product2 WHERE (Name LIKE '%Maxi%' AND Name LIKE '%Plasmid%' AND Name LIKE '%Purification%') AND IsActive = true LIMIT 5
[DEBUG] _search_product_direct: Found 1 matches for 'Maxi Plasmid Purification Kits'
[DEBUG] _search_product_direct: Querying 'UV-Vis Spectrophotometer' (STRICT) -> SELECT Id, Name, ProductCode, Family FROM Product2 WHERE (Name LIKE '%UV-Vis%' AND Name LIKE '%Spectrophotometer%') AND IsActive = true LIMIT 5
[DEBUG] _search_product_direct: Found 1 matches for 'UV-Vis Spectrophotometer'
[DEBUG] _search_product_direct: Querying 'Orbitrap Mass Spectrometer' (STRICT) -> SELECT Id, Name, ProductCode, Family FROM Product2 WHERE (Name LIKE '%Orbitrap%' AND Name LIKE '%Mass%' AND Name LIKE '%Spectrometer%') AND IsActive = true LIMIT 5
[DEBUG] _search_product_direct: Found 1 matches for 'Orbitrap Mass Spectrometer'
[DEBUG] _search_product_direct: Querying 'Flow Cytometer' (STRICT) -> SELECT Id, Name, ProductCode, Family FROM Product2 WHERE (Name LIKE '%Flow%' AND Name LIKE '%Cytometer%') AND IsActive = true LIMIT 5
[DEBUG] _search_product_direct: Found 3 matches for 'Flow Cytometer'
[DEBUG] _search_product_direct: Querying 'Cell Sorting Flow Cytometer' (STRICT) -> SELECT Id, Name, ProductCode, Family FROM Product2 WHERE (Name LIKE '%Cell%' AND Name LIKE '%Sorting%' AND Name LIKE '%Flow%') AND IsActive = true LIMIT 5
[DEBUG] _search_product_direct: Found 1 matches for 'Cell Sorting Flow Cytometer'
[DEBUG] _search_product_direct: Querying 'qPCR Probe Master Mix' (STRICT) -> SELECT Id, Name, ProductCode, Family FROM Product2 WHERE (Name LIKE '%qPCR%' AND Name LIKE '%Probe%' AND Name LIKE '%Master%') AND IsActive = true LIMIT 5
[DEBUG] _search_product_direct: Found 1 matches for 'qPCR Probe Master Mix'
[DEBUG] _search_product_direct: Querying 'DNA Extraction Kit – Blood' (STRICT) -> SELECT Id, Name, ProductCode, Family FROM Product2 WHERE (Name LIKE '%DNA%' AND Name LIKE '%Extraction%' AND Name LIKE '%Kit%') AND IsActive = true LIMIT 5
[DEBUG] _search_product_direct: Found 2 matches for 'DNA Extraction Kit – Blood'
[DEBUG] Mapping complete — 10 unique products found
Processing request of type ListToolsRequest
Processing request of type CallToolRequest
Processing request of type CallToolRequest
Processing request of type CallToolRequest
[DEBUG] _map_requirements_to_catalog: mapping 9 items
[DEBUG] _search_product_direct: Querying 'Plasmid DNA Purification Kits' (STRICT) -> SELECT Id, Name, ProductCode, Family FROM Product2 WHERE (Name LIKE '%Plasmid%' AND Name LIKE '%DNA%' AND Name LIKE '%Purification%') AND IsActive = true LIMIT 5
[DEBUG] _search_product_direct: Found 1 matches for 'Plasmid DNA Purification Kits'
[DEBUG] _search_product_direct: Querying 'Endotoxin-Free Plasmid Kits' (STRICT) -> SELECT Id, Name, ProductCode, Family FROM Product2 WHERE (Name LIKE '%Endotoxin-Free%' AND Name LIKE '%Plasmid%' AND Name LIKE '%Kits%') AND IsActive = true LIMIT 5
[DEBUG] _search_product_direct: Fallback Querying 'Endotoxin-Free Plasmid Kits' (LOOSE) -> SELECT Id, Name, ProductCode, Family FROM Product2 WHERE (Name LIKE '%Endotoxin-Free%' OR Name LIKE '%Plasmid%' OR Name LIKE '%Kits%') AND IsActive = true LIMIT 500
[DEBUG] _search_product_direct: Found 3 matches for 'Endotoxin-Free Plasmid Kits'
[DEBUG] _search_product_direct: Querying 'Maxi Plasmid Purification Kits' (STRICT) -> SELECT Id, Name, ProductCode, Family FROM Product2 WHERE (Name LIKE '%Maxi%' AND Name LIKE '%Plasmid%' AND Name LIKE '%Purification%') AND IsActive = true LIMIT 5
[DEBUG] _search_product_direct: Found 1 matches for 'Maxi Plasmid Purification Kits'
[DEBUG] _search_product_direct: Querying 'UV-Vis Spectrophotometer' (STRICT) -> SELECT Id, Name, ProductCode, Family FROM Product2 WHERE (Name LIKE '%UV-Vis%' AND Name LIKE '%Spectrophotometer%') AND IsActive = true LIMIT 5
[DEBUG] _search_product_direct: Found 1 matches for 'UV-Vis Spectrophotometer'
[DEBUG] _search_product_direct: Querying 'Orbitrap Mass Spectrometer' (STRICT) -> SELECT Id, Name, ProductCode, Family FROM Product2 WHERE (Name LIKE '%Orbitrap%' AND Name LIKE '%Mass%' AND Name LIKE '%Spectrometer%') AND IsActive = true LIMIT 5
[DEBUG] _search_product_direct: Found 1 matches for 'Orbitrap Mass Spectrometer'
[DEBUG] _search_product_direct: Querying 'Flow Cytometer' (STRICT) -> SELECT Id, Name, ProductCode, Family FROM Product2 WHERE (Name LIKE '%Flow%' AND Name LIKE '%Cytometer%') AND IsActive = true LIMIT 5
[DEBUG] _search_product_direct: Found 3 matches for 'Flow Cytometer'
[DEBUG] _search_product_direct: Querying 'Cell Sorting Flow Cytometer' (STRICT) -> SELECT Id, Name, ProductCode, Family FROM Product2 WHERE (Name LIKE '%Cell%' AND Name LIKE '%Sorting%' AND Name LIKE '%Flow%') AND IsActive = true LIMIT 5
[DEBUG] _search_product_direct: Found 1 matches for 'Cell Sorting Flow Cytometer'
[DEBUG] _search_product_direct: Querying 'qPCR Probe Master Mix' (STRICT) -> SELECT Id, Name, ProductCode, Family FROM Product2 WHERE (Name LIKE '%qPCR%' AND Name LIKE '%Probe%' AND Name LIKE '%Master%') AND IsActive = true LIMIT 5
[DEBUG] _search_product_direct: Found 1 matches for 'qPCR Probe Master Mix'
[DEBUG] _search_product_direct: Querying 'DNA Extraction Kit – Blood' (STRICT) -> SELECT Id, Name, ProductCode, Family FROM Product2 WHERE (Name LIKE '%DNA%' AND Name LIKE '%Extraction%' AND Name LIKE '%Kit%') AND IsActive = true LIMIT 5
[DEBUG] _search_product_direct: Found 2 matches for 'DNA Extraction Kit – Blood'
[DEBUG] Mapping complete — 10 unique products found
Processing request of type ListToolsRequest
Processing request of type CallToolRequest
Processing request of type ListToolsRequest
Processing request of type CallToolRequest
Processing request of type ListToolsRequest

[DEBUG] parse_requirements_doc: Processing 1106 characters...
[DEBUG] Calling Gemini directly for document parsing via Pydantic schema...
[DEBUG] _call_gemini_direct: Calling Gemini via official Client...
[DEBUG] _call_gemini_direct: Call succeeded.
[DEBUG] Gemini extracted 9 items.
[DEBUG] Extraction complete. Total unique requirements: 9
[DEBUG] _map_requirements_to_catalog: mapping 9 items
[DEBUG] _search_product_direct: Querying 'Plasmid DNA Purification Kits' (STRICT) -> SELECT Id, Name, ProductCode, Family FROM Product2 WHERE (Name LIKE '%Plasmid%' AND Name LIKE '%DNA%' AND Name LIKE '%Purification%') AND IsActive = true LIMIT 5
[DEBUG] _search_product_direct: Found 1 matches for 'Plasmid DNA Purification Kits'
[DEBUG] _search_product_direct: Querying 'Endotoxin-Free Plasmid Kits' (STRICT) -> SELECT Id, Name, ProductCode, Family FROM Product2 WHERE (Name LIKE '%Endotoxin-Free%' AND Name LIKE '%Plasmid%' AND Name LIKE '%Kits%') AND IsActive = true LIMIT 5
[DEBUG] _search_product_direct: Fallback Querying 'Endotoxin-Free Plasmid Kits' (LOOSE) -> SELECT Id, Name, ProductCode, Family FROM Product2 WHERE (Name LIKE '%Endotoxin-Free%' OR Name LIKE '%Plasmid%' OR Name LIKE '%Kits%') AND IsActive = true LIMIT 500
[DEBUG] _search_product_direct: Found 3 matches for 'Endotoxin-Free Plasmid Kits'
[DEBUG] _search_product_direct: Querying 'Maxi Plasmid Purification Kits' (STRICT) -> SELECT Id, Name, ProductCode, Family FROM Product2 WHERE (Name LIKE '%Maxi%' AND Name LIKE '%Plasmid%' AND Name LIKE '%Purification%') AND IsActive = true LIMIT 5
[DEBUG] _search_product_direct: Found 1 matches for 'Maxi Plasmid Purification Kits'
[DEBUG] _search_product_direct: Querying 'UV-Vis Spectrophotometer' (STRICT) -> SELECT Id, Name, ProductCode, Family FROM Product2 WHERE (Name LIKE '%UV-Vis%' AND Name LIKE '%Spectrophotometer%') AND IsActive = true LIMIT 5
[DEBUG] _search_product_direct: Found 1 matches for 'UV-Vis Spectrophotometer'
[DEBUG] _search_product_direct: Querying 'Orbitrap Mass Spectrometer' (STRICT) -> SELECT Id, Name, ProductCode, Family FROM Product2 WHERE (Name LIKE '%Orbitrap%' AND Name LIKE '%Mass%' AND Name LIKE '%Spectrometer%') AND IsActive = true LIMIT 5
[DEBUG] _search_product_direct: Found 1 matches for 'Orbitrap Mass Spectrometer'
[DEBUG] _search_product_direct: Querying 'Flow Cytometer' (STRICT) -> SELECT Id, Name, ProductCode, Family FROM Product2 WHERE (Name LIKE '%Flow%' AND Name LIKE '%Cytometer%') AND IsActive = true LIMIT 5
[DEBUG] _search_product_direct: Found 3 matches for 'Flow Cytometer'
[DEBUG] _search_product_direct: Querying 'Cell Sorting Flow Cytometer' (STRICT) -> SELECT Id, Name, ProductCode, Family FROM Product2 WHERE (Name LIKE '%Cell%' AND Name LIKE '%Sorting%' AND Name LIKE '%Flow%') AND IsActive = true LIMIT 5
[DEBUG] _search_product_direct: Found 1 matches for 'Cell Sorting Flow Cytometer'
[DEBUG] _search_product_direct: Querying 'qPCR Probe Master Mix' (STRICT) -> SELECT Id, Name, ProductCode, Family FROM Product2 WHERE (Name LIKE '%qPCR%' AND Name LIKE '%Probe%' AND Name LIKE '%Master%') AND IsActive = true LIMIT 5
[DEBUG] _search_product_direct: Found 1 matches for 'qPCR Probe Master Mix'
[DEBUG] _search_product_direct: Querying 'DNA Extraction Kit – Blood' (STRICT) -> SELECT Id, Name, ProductCode, Family FROM Product2 WHERE (Name LIKE '%DNA%' AND Name LIKE '%Extraction%' AND Name LIKE '%Kit%') AND IsActive = true LIMIT 5
[DEBUG] _search_product_direct: Found 2 matches for 'DNA Extraction Kit – Blood'
[DEBUG] Mapping complete — 10 unique products found
Processing request of type ListToolsRequest
Processing request of type CallToolRequest
Processing request of type CallToolRequest
Processing request of type CallToolRequest
[DEBUG] _map_requirements_to_catalog: mapping 9 items
[DEBUG] _search_product_direct: Querying 'Plasmid DNA Purification Kits' (STRICT) -> SELECT Id, Name, ProductCode, Family FROM Product2 WHERE (Name LIKE '%Plasmid%' AND Name LIKE '%DNA%' AND Name LIKE '%Purification%') AND IsActive = true LIMIT 5
[DEBUG] _search_product_direct: Found 1 matches for 'Plasmid DNA Purification Kits'
[DEBUG] _search_product_direct: Querying 'Endotoxin-Free Plasmid Kits' (STRICT) -> SELECT Id, Name, ProductCode, Family FROM Product2 WHERE (Name LIKE '%Endotoxin-Free%' AND Name LIKE '%Plasmid%' AND Name LIKE '%Kits%') AND IsActive = true LIMIT 5
[DEBUG] _search_product_direct: Fallback Querying 'Endotoxin-Free Plasmid Kits' (LOOSE) -> SELECT Id, Name, ProductCode, Family FROM Product2 WHERE (Name LIKE '%Endotoxin-Free%' OR Name LIKE '%Plasmid%' OR Name LIKE '%Kits%') AND IsActive = true LIMIT 500
[DEBUG] _search_product_direct: Found 3 matches for 'Endotoxin-Free Plasmid Kits'
[DEBUG] _search_product_direct: Querying 'Maxi Plasmid Purification Kits' (STRICT) -> SELECT Id, Name, ProductCode, Family FROM Product2 WHERE (Name LIKE '%Maxi%' AND Name LIKE '%Plasmid%' AND Name LIKE '%Purification%') AND IsActive = true LIMIT 5
[DEBUG] _search_product_direct: Found 1 matches for 'Maxi Plasmid Purification Kits'
[DEBUG] _search_product_direct: Querying 'UV-Vis Spectrophotometer' (STRICT) -> SELECT Id, Name, ProductCode, Family FROM Product2 WHERE (Name LIKE '%UV-Vis%' AND Name LIKE '%Spectrophotometer%') AND IsActive = true LIMIT 5
[DEBUG] _search_product_direct: Found 1 matches for 'UV-Vis Spectrophotometer'
[DEBUG] _search_product_direct: Querying 'Orbitrap Mass Spectrometer' (STRICT) -> SELECT Id, Name, ProductCode, Family FROM Product2 WHERE (Name LIKE '%Orbitrap%' AND Name LIKE '%Mass%' AND Name LIKE '%Spectrometer%') AND IsActive = true LIMIT 5
[DEBUG] _search_product_direct: Found 1 matches for 'Orbitrap Mass Spectrometer'
[DEBUG] _search_product_direct: Querying 'Flow Cytometer' (STRICT) -> SELECT Id, Name, ProductCode, Family FROM Product2 WHERE (Name LIKE '%Flow%' AND Name LIKE '%Cytometer%') AND IsActive = true LIMIT 5
[DEBUG] _search_product_direct: Found 3 matches for 'Flow Cytometer'
[DEBUG] _search_product_direct: Querying 'Cell Sorting Flow Cytometer' (STRICT) -> SELECT Id, Name, ProductCode, Family FROM Product2 WHERE (Name LIKE '%Cell%' AND Name LIKE '%Sorting%' AND Name LIKE '%Flow%') AND IsActive = true LIMIT 5
[DEBUG] _search_product_direct: Found 1 matches for 'Cell Sorting Flow Cytometer'
[DEBUG] _search_product_direct: Querying 'qPCR Probe Master Mix' (STRICT) -> SELECT Id, Name, ProductCode, Family FROM Product2 WHERE (Name LIKE '%qPCR%' AND Name LIKE '%Probe%' AND Name LIKE '%Master%') AND IsActive = true LIMIT 5
[DEBUG] _search_product_direct: Found 1 matches for 'qPCR Probe Master Mix'
[DEBUG] _search_product_direct: Querying 'DNA Extraction Kit – Blood' (STRICT) -> SELECT Id, Name, ProductCode, Family FROM Product2 WHERE (Name LIKE '%DNA%' AND Name LIKE '%Extraction%' AND Name LIKE '%Kit%') AND IsActive = true LIMIT 5
[DEBUG] _search_product_direct: Found 2 matches for 'DNA Extraction Kit – Blood'
[DEBUG] Mapping complete — 10 unique products found
Processing request of type ListToolsRequest
Processing request of type CallToolRequest
Processing request of type ListToolsRequest
Processing request of type CallToolRequest
Processing request of type ListToolsRequest
Processing request of type CallToolRequest
Processing request of type CallToolRequest
Processing request of type ListToolsRequest
[06/02/26 17:16:23] INFO     Processing request of type           server.py:720
                             ListToolsRequest                                  
[06/02/26 17:16:31] INFO     Processing request of type           server.py:720
                             CallToolRequest                                   
[06/02/26 17:16:40] INFO     Processing request of type           server.py:720
                             CallToolRequest                                   
[06/02/26 17:17:06] INFO     Processing request of type           server.py:720
                             ListToolsRequest                                  
[06/02/26 17:17:13] INFO     Processing request of type           server.py:720
                             CallToolRequest                                   
[06/02/26 17:17:31] INFO     Processing request of type           server.py:720
                             ListToolsRequest                                  
[06/02/26 17:17:39] INFO     Processing request of type           server.py:720
                             CallToolRequest                                   
[06/02/26 17:17:54] INFO     Processing request of type           server.py:720
                             ListToolsRequest                                  
[06/02/26 17:18:04] INFO     Processing request of type           server.py:720
                             CallToolRequest                                   
[06/02/26 17:18:15] INFO     Processing request of type           server.py:720
                             CallToolRequest                                   
[06/02/26 17:18:57] INFO     Processing request of type           server.py:720
                             ListToolsRequest                                  
[06/02/26 17:19:48] INFO     Processing request of type           server.py:720
                             ListToolsRequest                                  
[06/02/26 17:20:38] INFO     Processing request of type           server.py:720
                             ListToolsRequest                                  
[06/02/26 17:22:57] INFO     Processing request of type ListToolsRequest                                  server.py:720

[DEBUG] parse_requirements_doc: Processing 1106 characters...
[DEBUG] Calling Gemini directly for document parsing via Pydantic schema...
[DEBUG] _call_gemini_direct: Calling Gemini via official Client...
[DEBUG] _call_gemini_direct: Call succeeded.
[DEBUG] Gemini extracted 9 items.
[DEBUG] Extraction complete. Total unique requirements: 9
[DEBUG] _map_requirements_to_catalog: mapping 9 items
[DEBUG] _search_product_direct: Querying 'Plasmid DNA Purification Kits' (STRICT) -> SELECT Id, Name, ProductCode, Family FROM Product2 WHERE (Name LIKE '%Plasmid%' AND Name LIKE '%DNA%' AND Name LIKE '%Purification%') AND IsActive = true LIMIT 5
[DEBUG] _search_product_direct: Found 1 matches for 'Plasmid DNA Purification Kits'
[DEBUG] _search_product_direct: Querying 'Endotoxin-Free Plasmid Kits' (STRICT) -> SELECT Id, Name, ProductCode, Family FROM Product2 WHERE (Name LIKE '%Endotoxin-Free%' AND Name LIKE '%Plasmid%' AND Name LIKE '%Kits%') AND IsActive = true LIMIT 5
[DEBUG] _search_product_direct: Fallback Querying 'Endotoxin-Free Plasmid Kits' (LOOSE) -> SELECT Id, Name, ProductCode, Family FROM Product2 WHERE (Name LIKE '%Endotoxin-Free%' OR Name LIKE '%Plasmid%' OR Name LIKE '%Kits%') AND IsActive = true LIMIT 500
[DEBUG] _search_product_direct: Found 3 matches for 'Endotoxin-Free Plasmid Kits'
[DEBUG] _search_product_direct: Querying 'Maxi Plasmid Purification Kits' (STRICT) -> SELECT Id, Name, ProductCode, Family FROM Product2 WHERE (Name LIKE '%Maxi%' AND Name LIKE '%Plasmid%' AND Name LIKE '%Purification%') AND IsActive = true LIMIT 5
[DEBUG] _search_product_direct: Found 1 matches for 'Maxi Plasmid Purification Kits'
[DEBUG] _search_product_direct: Querying 'UV-Vis Spectrophotometer' (STRICT) -> SELECT Id, Name, ProductCode, Family FROM Product2 WHERE (Name LIKE '%UV-Vis%' AND Name LIKE '%Spectrophotometer%') AND IsActive = true LIMIT 5
[DEBUG] _search_product_direct: Found 1 matches for 'UV-Vis Spectrophotometer'
[DEBUG] _search_product_direct: Querying 'Orbitrap Mass Spectrometer' (STRICT) -> SELECT Id, Name, ProductCode, Family FROM Product2 WHERE (Name LIKE '%Orbitrap%' AND Name LIKE '%Mass%' AND Name LIKE '%Spectrometer%') AND IsActive = true LIMIT 5
[DEBUG] _search_product_direct: Found 1 matches for 'Orbitrap Mass Spectrometer'
[DEBUG] _search_product_direct: Querying 'Flow Cytometer' (STRICT) -> SELECT Id, Name, ProductCode, Family FROM Product2 WHERE (Name LIKE '%Flow%' AND Name LIKE '%Cytometer%') AND IsActive = true LIMIT 5
[DEBUG] _search_product_direct: Found 3 matches for 'Flow Cytometer'
[DEBUG] _search_product_direct: Querying 'Cell Sorting Flow Cytometer' (STRICT) -> SELECT Id, Name, ProductCode, Family FROM Product2 WHERE (Name LIKE '%Cell%' AND Name LIKE '%Sorting%' AND Name LIKE '%Flow%') AND IsActive = true LIMIT 5
[DEBUG] _search_product_direct: Found 1 matches for 'Cell Sorting Flow Cytometer'
[DEBUG] _search_product_direct: Querying 'qPCR Probe Master Mix' (STRICT) -> SELECT Id, Name, ProductCode, Family FROM Product2 WHERE (Name LIKE '%qPCR%' AND Name LIKE '%Probe%' AND Name LIKE '%Master%') AND IsActive = true LIMIT 5
[DEBUG] _search_product_direct: Found 1 matches for 'qPCR Probe Master Mix'
[DEBUG] _search_product_direct: Querying 'DNA Extraction Kit – Blood' (STRICT) -> SELECT Id, Name, ProductCode, Family FROM Product2 WHERE (Name LIKE '%DNA%' AND Name LIKE '%Extraction%' AND Name LIKE '%Kit%') AND IsActive = true LIMIT 5
[DEBUG] _search_product_direct: Found 2 matches for 'DNA Extraction Kit – Blood'
[DEBUG] Mapping complete — 10 unique products found
[06/02/26 17:23:40] INFO     Processing request of type ListToolsRequest                                  server.py:720
[06/02/26 17:23:51] INFO     Processing request of type CallToolRequest                                   server.py:720
[06/02/26 17:24:02] INFO     Processing request of type CallToolRequest                                   server.py:720
[06/02/26 17:24:12] INFO     Processing request of type CallToolRequest                                   server.py:720
[DEBUG] _map_requirements_to_catalog: mapping 9 items
[DEBUG] _search_product_direct: Querying 'Plasmid DNA Purification Kits' (STRICT) -> SELECT Id, Name, ProductCode, Family FROM Product2 WHERE (Name LIKE '%Plasmid%' AND Name LIKE '%DNA%' AND Name LIKE '%Purification%') AND IsActive = true LIMIT 5
[DEBUG] _search_product_direct: Found 1 matches for 'Plasmid DNA Purification Kits'
[DEBUG] _search_product_direct: Querying 'Endotoxin-Free Plasmid Kits' (STRICT) -> SELECT Id, Name, ProductCode, Family FROM Product2 WHERE (Name LIKE '%Endotoxin-Free%' AND Name LIKE '%Plasmid%' AND Name LIKE '%Kits%') AND IsActive = true LIMIT 5
[DEBUG] _search_product_direct: Fallback Querying 'Endotoxin-Free Plasmid Kits' (LOOSE) -> SELECT Id, Name, ProductCode, Family FROM Product2 WHERE (Name LIKE '%Endotoxin-Free%' OR Name LIKE '%Plasmid%' OR Name LIKE '%Kits%') AND IsActive = true LIMIT 500
[DEBUG] _search_product_direct: Found 3 matches for 'Endotoxin-Free Plasmid Kits'
[DEBUG] _search_product_direct: Querying 'Maxi Plasmid Purification Kits' (STRICT) -> SELECT Id, Name, ProductCode, Family FROM Product2 WHERE (Name LIKE '%Maxi%' AND Name LIKE '%Plasmid%' AND Name LIKE '%Purification%') AND IsActive = true LIMIT 5
[DEBUG] _search_product_direct: Found 1 matches for 'Maxi Plasmid Purification Kits'
[DEBUG] _search_product_direct: Querying 'UV-Vis Spectrophotometer' (STRICT) -> SELECT Id, Name, ProductCode, Family FROM Product2 WHERE (Name LIKE '%UV-Vis%' AND Name LIKE '%Spectrophotometer%') AND IsActive = true LIMIT 5
[DEBUG] _search_product_direct: Found 1 matches for 'UV-Vis Spectrophotometer'
[DEBUG] _search_product_direct: Querying 'Orbitrap Mass Spectrometer' (STRICT) -> SELECT Id, Name, ProductCode, Family FROM Product2 WHERE (Name LIKE '%Orbitrap%' AND Name LIKE '%Mass%' AND Name LIKE '%Spectrometer%') AND IsActive = true LIMIT 5
[DEBUG] _search_product_direct: Found 1 matches for 'Orbitrap Mass Spectrometer'
[DEBUG] _search_product_direct: Querying 'Flow Cytometer' (STRICT) -> SELECT Id, Name, ProductCode, Family FROM Product2 WHERE (Name LIKE '%Flow%' AND Name LIKE '%Cytometer%') AND IsActive = true LIMIT 5
[DEBUG] _search_product_direct: Found 3 matches for 'Flow Cytometer'
[DEBUG] _search_product_direct: Querying 'Cell Sorting Flow Cytometer' (STRICT) -> SELECT Id, Name, ProductCode, Family FROM Product2 WHERE (Name LIKE '%Cell%' AND Name LIKE '%Sorting%' AND Name LIKE '%Flow%') AND IsActive = true LIMIT 5
[DEBUG] _search_product_direct: Found 1 matches for 'Cell Sorting Flow Cytometer'
[DEBUG] _search_product_direct: Querying 'qPCR Probe Master Mix' (STRICT) -> SELECT Id, Name, ProductCode, Family FROM Product2 WHERE (Name LIKE '%qPCR%' AND Name LIKE '%Probe%' AND Name LIKE '%Master%') AND IsActive = true LIMIT 5
[DEBUG] _search_product_direct: Found 1 matches for 'qPCR Probe Master Mix'
[DEBUG] _search_product_direct: Querying 'DNA Extraction Kit – Blood' (STRICT) -> SELECT Id, Name, ProductCode, Family FROM Product2 WHERE (Name LIKE '%DNA%' AND Name LIKE '%Extraction%' AND Name LIKE '%Kit%') AND IsActive = true LIMIT 5
[DEBUG] _search_product_direct: Found 2 matches for 'DNA Extraction Kit – Blood'
[DEBUG] Mapping complete — 10 unique products found
[06/02/26 17:25:15] INFO     Processing request of type ListToolsRequest                                  server.py:720
[06/02/26 17:25:24] INFO     Processing request of type CallToolRequest                                   server.py:720
[06/02/26 17:25:37] INFO     Processing request of type ListToolsRequest                                  server.py:720
[06/02/26 17:25:46] INFO     Processing request of type CallToolRequest                                   server.py:720
[06/02/26 17:26:01] INFO     Processing request of type ListToolsRequest                                  server.py:720
[06/02/26 17:26:10] INFO     Processing request of type CallToolRequest                                   server.py:720
[06/02/26 17:26:24] INFO     Processing request of type CallToolRequest                                   server.py:720
[06/02/26 17:27:14] INFO     Processing request of type ListToolsRequest                                  server.py:720
[06/02/26 17:30:24] INFO     Processing request of type ListToolsRequest                                  server.py:720
[06/02/26 17:30:34] INFO     Processing request of type CallToolRequest                                   server.py:720
[06/02/26 17:34:48] INFO     Processing request of type ListToolsRequest                                  server.py:720
[06/02/26 17:35:38] INFO     Processing request of type ListToolsRequest                                  server.py:720
[06/02/26 17:35:50] INFO     Processing request of type CallToolRequest                                   server.py:720
[06/02/26 17:36:54] INFO     Processing request of type ListToolsRequest                                  server.py:720
[06/02/26 17:37:03] INFO     Processing request of type CallToolRequest                                   server.py:720
[06/02/26 17:41:27] INFO     Processing request of type ListToolsRequest                                  server.py:720
[06/02/26 17:43:59] INFO     Processing request of type ListToolsRequest                                  server.py:720
[06/02/26 17:44:09] INFO     Processing request of type CallToolRequest                                   server.py:720
[06/02/26 17:44:19] INFO     Processing request of type CallToolRequest                                   server.py:720
[06/02/26 17:45:07] INFO     Processing request of type ListToolsRequest                                  server.py:720
[06/02/26 17:45:18] INFO     Processing request of type CallToolRequest                                   server.py:720
[06/02/26 17:46:16] INFO     Processing request of type ListToolsRequest                                  server.py:720
[06/02/26 17:46:29] INFO     Processing request of type CallToolRequest                                   server.py:720
[06/02/26 17:46:47] INFO     Processing request of type ListToolsRequest                                  server.py:720
[06/02/26 17:47:02] INFO     Processing request of type CallToolRequest                                   server.py:720
[06/02/26 17:47:54] INFO     Processing request of type ListToolsRequest                                  server.py:720
[06/02/26 17:49:06] INFO     Processing request of type ListToolsRequest                                  server.py:720
[06/02/26 17:49:35] INFO     Processing request of type ListToolsRequest                                  server.py:720
[06/02/26 17:49:49] INFO     Processing request of type CallToolRequest                                   server.py:720
[06/02/26 17:50:07] INFO     Processing request of type CallToolRequest                                   server.py:720
[06/02/26 17:51:02] INFO     Processing request of type ListToolsRequest                                  server.py:720
Processing request of type ListToolsRequest
Processing request of type ListToolsRequest

[DEBUG] parse_requirements_doc: Processing 1253 characters...
[DEBUG] Calling Gemini directly for document parsing via Pydantic schema...
[DEBUG] _call_gemini_direct: Calling Gemini via official Client...
[DEBUG] _call_gemini_direct: Call succeeded.
[DEBUG] Gemini extracted 9 items.
[DEBUG] Extraction complete. Total unique requirements: 9
[DEBUG] _map_requirements_to_catalog: mapping 9 items
[DEBUG] _search_product_direct: Querying 'Plasmid DNA Purification Kits' (STRICT) -> SELECT Id, Name, ProductCode, Family FROM Product2 WHERE (Name LIKE '%Plasmid%' AND Name LIKE '%DNA%' AND Name LIKE '%Purification%') AND IsActive = true LIMIT 5
[DEBUG] _search_product_direct: Found 1 matches for 'Plasmid DNA Purification Kits'
[DEBUG] _search_product_direct: Querying 'Endotoxin-Free Plasmid Kits' (STRICT) -> SELECT Id, Name, ProductCode, Family FROM Product2 WHERE (Name LIKE '%Endotoxin-Free%' AND Name LIKE '%Plasmid%' AND Name LIKE '%Kits%') AND IsActive = true LIMIT 5
[DEBUG] _search_product_direct: Fallback Querying 'Endotoxin-Free Plasmid Kits' (LOOSE) -> SELECT Id, Name, ProductCode, Family FROM Product2 WHERE (Name LIKE '%Endotoxin-Free%' OR Name LIKE '%Plasmid%' OR Name LIKE '%Kits%') AND IsActive = true LIMIT 500
[DEBUG] _search_product_direct: Found 3 matches for 'Endotoxin-Free Plasmid Kits'
[DEBUG] _search_product_direct: Querying 'Maxi Plasmid Purification Kits' (STRICT) -> SELECT Id, Name, ProductCode, Family FROM Product2 WHERE (Name LIKE '%Maxi%' AND Name LIKE '%Plasmid%' AND Name LIKE '%Purification%') AND IsActive = true LIMIT 5
[DEBUG] _search_product_direct: Found 1 matches for 'Maxi Plasmid Purification Kits'
[DEBUG] _search_product_direct: Querying 'UV-Vis Spectrophotometer' (STRICT) -> SELECT Id, Name, ProductCode, Family FROM Product2 WHERE (Name LIKE '%UV-Vis%' AND Name LIKE '%Spectrophotometer%') AND IsActive = true LIMIT 5
[DEBUG] _search_product_direct: Found 1 matches for 'UV-Vis Spectrophotometer'
[DEBUG] _search_product_direct: Querying 'Orbitrap Mass Spectrometer' (STRICT) -> SELECT Id, Name, ProductCode, Family FROM Product2 WHERE (Name LIKE '%Orbitrap%' AND Name LIKE '%Mass%' AND Name LIKE '%Spectrometer%') AND IsActive = true LIMIT 5
[DEBUG] _search_product_direct: Found 1 matches for 'Orbitrap Mass Spectrometer'
[DEBUG] _search_product_direct: Querying 'Flow Cytometer' (STRICT) -> SELECT Id, Name, ProductCode, Family FROM Product2 WHERE (Name LIKE '%Flow%' AND Name LIKE '%Cytometer%') AND IsActive = true LIMIT 5
[DEBUG] _search_product_direct: Found 3 matches for 'Flow Cytometer'
[DEBUG] _search_product_direct: Querying 'Cell Sorting Flow Cytometer' (STRICT) -> SELECT Id, Name, ProductCode, Family FROM Product2 WHERE (Name LIKE '%Cell%' AND Name LIKE '%Sorting%' AND Name LIKE '%Flow%') AND IsActive = true LIMIT 5
[DEBUG] _search_product_direct: Found 1 matches for 'Cell Sorting Flow Cytometer'
[DEBUG] _search_product_direct: Querying 'qPCR Probe Master Mix' (STRICT) -> SELECT Id, Name, ProductCode, Family FROM Product2 WHERE (Name LIKE '%qPCR%' AND Name LIKE '%Probe%' AND Name LIKE '%Master%') AND IsActive = true LIMIT 5
[DEBUG] _search_product_direct: Found 1 matches for 'qPCR Probe Master Mix'
[DEBUG] _search_product_direct: Querying 'DNA Extraction Kit – Blood' (STRICT) -> SELECT Id, Name, ProductCode, Family FROM Product2 WHERE (Name LIKE '%DNA%' AND Name LIKE '%Extraction%' AND Name LIKE '%Kit%') AND IsActive = true LIMIT 5
[DEBUG] _search_product_direct: Found 2 matches for 'DNA Extraction Kit – Blood'
[DEBUG] Mapping complete — 10 unique products found
Processing request of type ListToolsRequest
Processing request of type CallToolRequest
Processing request of type CallToolRequest
Processing request of type CallToolRequest
[DEBUG] _map_requirements_to_catalog: mapping 9 items
[DEBUG] _search_product_direct: Querying 'Plasmid DNA Purification Kits' (STRICT) -> SELECT Id, Name, ProductCode, Family FROM Product2 WHERE (Name LIKE '%Plasmid%' AND Name LIKE '%DNA%' AND Name LIKE '%Purification%') AND IsActive = true LIMIT 5
[DEBUG] _search_product_direct: Found 1 matches for 'Plasmid DNA Purification Kits'
[DEBUG] _search_product_direct: Querying 'Endotoxin-Free Plasmid Kits' (STRICT) -> SELECT Id, Name, ProductCode, Family FROM Product2 WHERE (Name LIKE '%Endotoxin-Free%' AND Name LIKE '%Plasmid%' AND Name LIKE '%Kits%') AND IsActive = true LIMIT 5
[DEBUG] _search_product_direct: Fallback Querying 'Endotoxin-Free Plasmid Kits' (LOOSE) -> SELECT Id, Name, ProductCode, Family FROM Product2 WHERE (Name LIKE '%Endotoxin-Free%' OR Name LIKE '%Plasmid%' OR Name LIKE '%Kits%') AND IsActive = true LIMIT 500
[DEBUG] _search_product_direct: Found 3 matches for 'Endotoxin-Free Plasmid Kits'
[DEBUG] _search_product_direct: Querying 'Maxi Plasmid Purification Kits' (STRICT) -> SELECT Id, Name, ProductCode, Family FROM Product2 WHERE (Name LIKE '%Maxi%' AND Name LIKE '%Plasmid%' AND Name LIKE '%Purification%') AND IsActive = true LIMIT 5
[DEBUG] _search_product_direct: Found 1 matches for 'Maxi Plasmid Purification Kits'
[DEBUG] _search_product_direct: Querying 'UV-Vis Spectrophotometer' (STRICT) -> SELECT Id, Name, ProductCode, Family FROM Product2 WHERE (Name LIKE '%UV-Vis%' AND Name LIKE '%Spectrophotometer%') AND IsActive = true LIMIT 5
[DEBUG] _search_product_direct: Found 1 matches for 'UV-Vis Spectrophotometer'
[DEBUG] _search_product_direct: Querying 'Orbitrap Mass Spectrometer' (STRICT) -> SELECT Id, Name, ProductCode, Family FROM Product2 WHERE (Name LIKE '%Orbitrap%' AND Name LIKE '%Mass%' AND Name LIKE '%Spectrometer%') AND IsActive = true LIMIT 5
[DEBUG] _search_product_direct: Found 1 matches for 'Orbitrap Mass Spectrometer'
[DEBUG] _search_product_direct: Querying 'Flow Cytometer' (STRICT) -> SELECT Id, Name, ProductCode, Family FROM Product2 WHERE (Name LIKE '%Flow%' AND Name LIKE '%Cytometer%') AND IsActive = true LIMIT 5
[DEBUG] _search_product_direct: Found 3 matches for 'Flow Cytometer'
[DEBUG] _search_product_direct: Querying 'Cell Sorting Flow Cytometer' (STRICT) -> SELECT Id, Name, ProductCode, Family FROM Product2 WHERE (Name LIKE '%Cell%' AND Name LIKE '%Sorting%' AND Name LIKE '%Flow%') AND IsActive = true LIMIT 5
[DEBUG] _search_product_direct: Found 1 matches for 'Cell Sorting Flow Cytometer'
[DEBUG] _search_product_direct: Querying 'qPCR Probe Master Mix' (STRICT) -> SELECT Id, Name, ProductCode, Family FROM Product2 WHERE (Name LIKE '%qPCR%' AND Name LIKE '%Probe%' AND Name LIKE '%Master%') AND IsActive = true LIMIT 5
[DEBUG] _search_product_direct: Found 1 matches for 'qPCR Probe Master Mix'
[DEBUG] _search_product_direct: Querying 'DNA Extraction Kit – Blood' (STRICT) -> SELECT Id, Name, ProductCode, Family FROM Product2 WHERE (Name LIKE '%DNA%' AND Name LIKE '%Extraction%' AND Name LIKE '%Kit%') AND IsActive = true LIMIT 5
[DEBUG] _search_product_direct: Found 2 matches for 'DNA Extraction Kit – Blood'
[DEBUG] Mapping complete — 10 unique products found
Processing request of type ListToolsRequest
Processing request of type ListToolsRequest

[DEBUG] parse_requirements_doc: Processing 1253 characters...
[DEBUG] Calling Gemini directly for document parsing via Pydantic schema...
[DEBUG] _call_gemini_direct: Calling Gemini via official Client...
[DEBUG] _call_gemini_direct: Call succeeded.
[DEBUG] Gemini extracted 9 items.
[DEBUG] Extraction complete. Total unique requirements: 9
[DEBUG] _map_requirements_to_catalog: mapping 9 items
[DEBUG] _search_product_direct: Querying 'Plasmid DNA Purification Kits' (STRICT) -> SELECT Id, Name, ProductCode, Family FROM Product2 WHERE (Name LIKE '%Plasmid%' AND Name LIKE '%DNA%' AND Name LIKE '%Purification%') AND IsActive = true LIMIT 5
[DEBUG] _search_product_direct: Fallback Querying 'Plasmid DNA Purification Kits' (LOOSE) -> SELECT Id, Name, ProductCode, Family FROM Product2 WHERE (Name LIKE '%Plasmid%' OR Name LIKE '%DNA%' OR Name LIKE '%Purification%') AND IsActive = true LIMIT 500
[DEBUG] _search_product_direct: Complete Fallback (TYPO RESOLUTION) -> SELECT Id, Name, ProductCode, Family FROM Product2 WHERE IsActive = true LIMIT 150
[DEBUG] _search_product_direct: Found 0 matches for 'Plasmid DNA Purification Kits'
[DEBUG] _search_product_direct: Querying 'Endotoxin-Free Plasmid Kits' (STRICT) -> SELECT Id, Name, ProductCode, Family FROM Product2 WHERE (Name LIKE '%Endotoxin-Free%' AND Name LIKE '%Plasmid%' AND Name LIKE '%Kits%') AND IsActive = true LIMIT 5
[DEBUG] _search_product_direct: Fallback Querying 'Endotoxin-Free Plasmid Kits' (LOOSE) -> SELECT Id, Name, ProductCode, Family FROM Product2 WHERE (Name LIKE '%Endotoxin-Free%' OR Name LIKE '%Plasmid%' OR Name LIKE '%Kits%') AND IsActive = true LIMIT 500
[DEBUG] _search_product_direct: Complete Fallback (TYPO RESOLUTION) -> SELECT Id, Name, ProductCode, Family FROM Product2 WHERE IsActive = true LIMIT 150
[DEBUG] _search_product_direct: Found 0 matches for 'Endotoxin-Free Plasmid Kits'
[DEBUG] _search_product_direct: Querying 'Maxi Plasmid Purification Kits' (STRICT) -> SELECT Id, Name, ProductCode, Family FROM Product2 WHERE (Name LIKE '%Maxi%' AND Name LIKE '%Plasmid%' AND Name LIKE '%Purification%') AND IsActive = true LIMIT 5
[DEBUG] _search_product_direct: Fallback Querying 'Maxi Plasmid Purification Kits' (LOOSE) -> SELECT Id, Name, ProductCode, Family FROM Product2 WHERE (Name LIKE '%Maxi%' OR Name LIKE '%Plasmid%' OR Name LIKE '%Purification%') AND IsActive = true LIMIT 500
[DEBUG] _search_product_direct: Complete Fallback (TYPO RESOLUTION) -> SELECT Id, Name, ProductCode, Family FROM Product2 WHERE IsActive = true LIMIT 150
[DEBUG] _search_product_direct: Found 0 matches for 'Maxi Plasmid Purification Kits'
[DEBUG] _search_product_direct: Querying 'UV-Vis Spectrophotometer' (STRICT) -> SELECT Id, Name, ProductCode, Family FROM Product2 WHERE (Name LIKE '%UV-Vis%' AND Name LIKE '%Spectrophotometer%') AND IsActive = true LIMIT 5
[DEBUG] _search_product_direct: Fallback Querying 'UV-Vis Spectrophotometer' (LOOSE) -> SELECT Id, Name, ProductCode, Family FROM Product2 WHERE (Name LIKE '%UV-Vis%' OR Name LIKE '%Spectrophotometer%') AND IsActive = true LIMIT 500
[DEBUG] _search_product_direct: Complete Fallback (TYPO RESOLUTION) -> SELECT Id, Name, ProductCode, Family FROM Product2 WHERE IsActive = true LIMIT 150
[DEBUG] _search_product_direct: Found 0 matches for 'UV-Vis Spectrophotometer'
[DEBUG] _search_product_direct: Querying 'Orbitrap Mass Spectrometer' (STRICT) -> SELECT Id, Name, ProductCode, Family FROM Product2 WHERE (Name LIKE '%Orbitrap%' AND Name LIKE '%Mass%' AND Name LIKE '%Spectrometer%') AND IsActive = true LIMIT 5
[DEBUG] _search_product_direct: Fallback Querying 'Orbitrap Mass Spectrometer' (LOOSE) -> SELECT Id, Name, ProductCode, Family FROM Product2 WHERE (Name LIKE '%Orbitrap%' OR Name LIKE '%Mass%' OR Name LIKE '%Spectrometer%') AND IsActive = true LIMIT 500
[DEBUG] _search_product_direct: Complete Fallback (TYPO RESOLUTION) -> SELECT Id, Name, ProductCode, Family FROM Product2 WHERE IsActive = true LIMIT 150
[DEBUG] _search_product_direct: Found 0 matches for 'Orbitrap Mass Spectrometer'
[DEBUG] _search_product_direct: Querying 'Flow Cytometer' (STRICT) -> SELECT Id, Name, ProductCode, Family FROM Product2 WHERE (Name LIKE '%Flow%' AND Name LIKE '%Cytometer%') AND IsActive = true LIMIT 5
[DEBUG] _search_product_direct: Fallback Querying 'Flow Cytometer' (LOOSE) -> SELECT Id, Name, ProductCode, Family FROM Product2 WHERE (Name LIKE '%Flow%' OR Name LIKE '%Cytometer%') AND IsActive = true LIMIT 500
[DEBUG] _search_product_direct: Complete Fallback (TYPO RESOLUTION) -> SELECT Id, Name, ProductCode, Family FROM Product2 WHERE IsActive = true LIMIT 150
[DEBUG] _search_product_direct: Found 0 matches for 'Flow Cytometer'
[DEBUG] _search_product_direct: Querying 'Cell Sorting Flow Cytometer' (STRICT) -> SELECT Id, Name, ProductCode, Family FROM Product2 WHERE (Name LIKE '%Cell%' AND Name LIKE '%Sorting%' AND Name LIKE '%Flow%') AND IsActive = true LIMIT 5
[DEBUG] _search_product_direct: Fallback Querying 'Cell Sorting Flow Cytometer' (LOOSE) -> SELECT Id, Name, ProductCode, Family FROM Product2 WHERE (Name LIKE '%Cell%' OR Name LIKE '%Sorting%' OR Name LIKE '%Flow%') AND IsActive = true LIMIT 500
[DEBUG] _search_product_direct: Complete Fallback (TYPO RESOLUTION) -> SELECT Id, Name, ProductCode, Family FROM Product2 WHERE IsActive = true LIMIT 150
[DEBUG] _search_product_direct: Found 0 matches for 'Cell Sorting Flow Cytometer'
[DEBUG] _search_product_direct: Querying 'qPCR Probe Master Mix' (STRICT) -> SELECT Id, Name, ProductCode, Family FROM Product2 WHERE (Name LIKE '%qPCR%' AND Name LIKE '%Probe%' AND Name LIKE '%Master%') AND IsActive = true LIMIT 5
[DEBUG] _search_product_direct: Fallback Querying 'qPCR Probe Master Mix' (LOOSE) -> SELECT Id, Name, ProductCode, Family FROM Product2 WHERE (Name LIKE '%qPCR%' OR Name LIKE '%Probe%' OR Name LIKE '%Master%') AND IsActive = true LIMIT 500
[DEBUG] _search_product_direct: Complete Fallback (TYPO RESOLUTION) -> SELECT Id, Name, ProductCode, Family FROM Product2 WHERE IsActive = true LIMIT 150
[DEBUG] _search_product_direct: Found 0 matches for 'qPCR Probe Master Mix'
[DEBUG] _search_product_direct: Querying 'DNA Extraction Kit – Blood' (STRICT) -> SELECT Id, Name, ProductCode, Family FROM Product2 WHERE (Name LIKE '%DNA%' AND Name LIKE '%Extraction%' AND Name LIKE '%Kit%') AND IsActive = true LIMIT 5
[DEBUG] _search_product_direct: Fallback Querying 'DNA Extraction Kit – Blood' (LOOSE) -> SELECT Id, Name, ProductCode, Family FROM Product2 WHERE (Name LIKE '%DNA%' OR Name LIKE '%Extraction%' OR Name LIKE '%Kit%') AND IsActive = true LIMIT 500
[DEBUG] _search_product_direct: Complete Fallback (TYPO RESOLUTION) -> SELECT Id, Name, ProductCode, Family FROM Product2 WHERE IsActive = true LIMIT 150
[DEBUG] _search_product_direct: Found 0 matches for 'DNA Extraction Kit – Blood'
[DEBUG] Mapping complete — 0 unique products found
Processing request of type ListToolsRequest
Processing request of type CallToolRequest
Processing request of type CallToolRequest
Processing request of type CallToolRequest
Processing request of type ListToolsRequest

[DEBUG] parse_requirements_doc: Processing 1253 characters...
[DEBUG] Calling Gemini directly for document parsing via Pydantic schema...
[DEBUG] _call_gemini_direct: Calling Gemini via official Client...
[DEBUG] _call_gemini_direct: Call succeeded.
[DEBUG] Gemini extracted 9 items.
[DEBUG] Extraction complete. Total unique requirements: 9
[DEBUG] _map_requirements_to_catalog: mapping 9 items
[DEBUG] _search_product_direct: Querying 'Plasmid DNA Purification Kits' (STRICT) -> SELECT Id, Name, ProductCode, Family FROM Product2 WHERE (Name LIKE '%Plasmid%' AND Name LIKE '%DNA%' AND Name LIKE '%Purification%') AND IsActive = true LIMIT 5
[DEBUG] _search_product_direct: Fallback Querying 'Plasmid DNA Purification Kits' (LOOSE) -> SELECT Id, Name, ProductCode, Family FROM Product2 WHERE (Name LIKE '%Plasmid%' OR Name LIKE '%DNA%' OR Name LIKE '%Purification%') AND IsActive = true LIMIT 500
[DEBUG] _search_product_direct: Complete Fallback (TYPO RESOLUTION) -> SELECT Id, Name, ProductCode, Family FROM Product2 WHERE IsActive = true LIMIT 150
[DEBUG] _search_product_direct: Found 0 matches for 'Plasmid DNA Purification Kits'
[DEBUG] _search_product_direct: Querying 'Endotoxin-Free Plasmid Kits' (STRICT) -> SELECT Id, Name, ProductCode, Family FROM Product2 WHERE (Name LIKE '%Endotoxin-Free%' AND Name LIKE '%Plasmid%' AND Name LIKE '%Kits%') AND IsActive = true LIMIT 5
[DEBUG] _search_product_direct: Fallback Querying 'Endotoxin-Free Plasmid Kits' (LOOSE) -> SELECT Id, Name, ProductCode, Family FROM Product2 WHERE (Name LIKE '%Endotoxin-Free%' OR Name LIKE '%Plasmid%' OR Name LIKE '%Kits%') AND IsActive = true LIMIT 500
[DEBUG] _search_product_direct: Complete Fallback (TYPO RESOLUTION) -> SELECT Id, Name, ProductCode, Family FROM Product2 WHERE IsActive = true LIMIT 150
[DEBUG] _search_product_direct: Found 0 matches for 'Endotoxin-Free Plasmid Kits'
[DEBUG] _search_product_direct: Querying 'Maxi Plasmid Purification Kits' (STRICT) -> SELECT Id, Name, ProductCode, Family FROM Product2 WHERE (Name LIKE '%Maxi%' AND Name LIKE '%Plasmid%' AND Name LIKE '%Purification%') AND IsActive = true LIMIT 5
[DEBUG] _search_product_direct: Fallback Querying 'Maxi Plasmid Purification Kits' (LOOSE) -> SELECT Id, Name, ProductCode, Family FROM Product2 WHERE (Name LIKE '%Maxi%' OR Name LIKE '%Plasmid%' OR Name LIKE '%Purification%') AND IsActive = true LIMIT 500
[DEBUG] _search_product_direct: Complete Fallback (TYPO RESOLUTION) -> SELECT Id, Name, ProductCode, Family FROM Product2 WHERE IsActive = true LIMIT 150
[DEBUG] _search_product_direct: Found 0 matches for 'Maxi Plasmid Purification Kits'
[DEBUG] _search_product_direct: Querying 'UV-Vis Spectrophotometer' (STRICT) -> SELECT Id, Name, ProductCode, Family FROM Product2 WHERE (Name LIKE '%UV-Vis%' AND Name LIKE '%Spectrophotometer%') AND IsActive = true LIMIT 5
[DEBUG] _search_product_direct: Fallback Querying 'UV-Vis Spectrophotometer' (LOOSE) -> SELECT Id, Name, ProductCode, Family FROM Product2 WHERE (Name LIKE '%UV-Vis%' OR Name LIKE '%Spectrophotometer%') AND IsActive = true LIMIT 500
[DEBUG] _search_product_direct: Complete Fallback (TYPO RESOLUTION) -> SELECT Id, Name, ProductCode, Family FROM Product2 WHERE IsActive = true LIMIT 150
[DEBUG] _search_product_direct: Found 0 matches for 'UV-Vis Spectrophotometer'
[DEBUG] _search_product_direct: Querying 'Orbitrap Mass Spectrometer' (STRICT) -> SELECT Id, Name, ProductCode, Family FROM Product2 WHERE (Name LIKE '%Orbitrap%' AND Name LIKE '%Mass%' AND Name LIKE '%Spectrometer%') AND IsActive = true LIMIT 5
[DEBUG] _search_product_direct: Fallback Querying 'Orbitrap Mass Spectrometer' (LOOSE) -> SELECT Id, Name, ProductCode, Family FROM Product2 WHERE (Name LIKE '%Orbitrap%' OR Name LIKE '%Mass%' OR Name LIKE '%Spectrometer%') AND IsActive = true LIMIT 500
[DEBUG] _search_product_direct: Complete Fallback (TYPO RESOLUTION) -> SELECT Id, Name, ProductCode, Family FROM Product2 WHERE IsActive = true LIMIT 150
[DEBUG] _search_product_direct: Found 0 matches for 'Orbitrap Mass Spectrometer'
[DEBUG] _search_product_direct: Querying 'Flow Cytometer' (STRICT) -> SELECT Id, Name, ProductCode, Family FROM Product2 WHERE (Name LIKE '%Flow%' AND Name LIKE '%Cytometer%') AND IsActive = true LIMIT 5
[DEBUG] _search_product_direct: Fallback Querying 'Flow Cytometer' (LOOSE) -> SELECT Id, Name, ProductCode, Family FROM Product2 WHERE (Name LIKE '%Flow%' OR Name LIKE '%Cytometer%') AND IsActive = true LIMIT 500
[DEBUG] _search_product_direct: Complete Fallback (TYPO RESOLUTION) -> SELECT Id, Name, ProductCode, Family FROM Product2 WHERE IsActive = true LIMIT 150
[DEBUG] _search_product_direct: Found 0 matches for 'Flow Cytometer'
[DEBUG] _search_product_direct: Querying 'Cell Sorting Flow Cytometer' (STRICT) -> SELECT Id, Name, ProductCode, Family FROM Product2 WHERE (Name LIKE '%Cell%' AND Name LIKE '%Sorting%' AND Name LIKE '%Flow%') AND IsActive = true LIMIT 5
[DEBUG] _search_product_direct: Fallback Querying 'Cell Sorting Flow Cytometer' (LOOSE) -> SELECT Id, Name, ProductCode, Family FROM Product2 WHERE (Name LIKE '%Cell%' OR Name LIKE '%Sorting%' OR Name LIKE '%Flow%') AND IsActive = true LIMIT 500
[DEBUG] _search_product_direct: Complete Fallback (TYPO RESOLUTION) -> SELECT Id, Name, ProductCode, Family FROM Product2 WHERE IsActive = true LIMIT 150
[DEBUG] _search_product_direct: Found 0 matches for 'Cell Sorting Flow Cytometer'
[DEBUG] _search_product_direct: Querying 'qPCR Probe Master Mix' (STRICT) -> SELECT Id, Name, ProductCode, Family FROM Product2 WHERE (Name LIKE '%qPCR%' AND Name LIKE '%Probe%' AND Name LIKE '%Master%') AND IsActive = true LIMIT 5
[DEBUG] _search_product_direct: Fallback Querying 'qPCR Probe Master Mix' (LOOSE) -> SELECT Id, Name, ProductCode, Family FROM Product2 WHERE (Name LIKE '%qPCR%' OR Name LIKE '%Probe%' OR Name LIKE '%Master%') AND IsActive = true LIMIT 500
[DEBUG] _search_product_direct: Complete Fallback (TYPO RESOLUTION) -> SELECT Id, Name, ProductCode, Family FROM Product2 WHERE IsActive = true LIMIT 150
[DEBUG] _search_product_direct: Found 0 matches for 'qPCR Probe Master Mix'
[DEBUG] _search_product_direct: Querying 'DNA Extraction Kit – Blood' (STRICT) -> SELECT Id, Name, ProductCode, Family FROM Product2 WHERE (Name LIKE '%DNA%' AND Name LIKE '%Extraction%' AND Name LIKE '%Kit%') AND IsActive = true LIMIT 5
[DEBUG] _search_product_direct: Fallback Querying 'DNA Extraction Kit – Blood' (LOOSE) -> SELECT Id, Name, ProductCode, Family FROM Product2 WHERE (Name LIKE '%DNA%' OR Name LIKE '%Extraction%' OR Name LIKE '%Kit%') AND IsActive = true LIMIT 500
[DEBUG] _search_product_direct: Complete Fallback (TYPO RESOLUTION) -> SELECT Id, Name, ProductCode, Family FROM Product2 WHERE IsActive = true LIMIT 150
[DEBUG] _search_product_direct: Found 0 matches for 'DNA Extraction Kit – Blood'
[DEBUG] Mapping complete — 0 unique products found
Processing request of type ListToolsRequest
Processing request of type CallToolRequest
Processing request of type CallToolRequest
Processing request of type CallToolRequest
[DEBUG] _map_requirements_to_catalog: mapping 9 items
[DEBUG] _search_product_direct: Querying 'Plasmid DNA Purification Kits' (STRICT) -> SELECT Id, Name, ProductCode, Family FROM Product2 WHERE (Name LIKE '%Plasmid%' AND Name LIKE '%DNA%' AND Name LIKE '%Purification%') AND IsActive = true LIMIT 5
[DEBUG] _search_product_direct: Fallback Querying 'Plasmid DNA Purification Kits' (LOOSE) -> SELECT Id, Name, ProductCode, Family FROM Product2 WHERE (Name LIKE '%Plasmid%' OR Name LIKE '%DNA%' OR Name LIKE '%Purification%') AND IsActive = true LIMIT 500
[DEBUG] _search_product_direct: Complete Fallback (TYPO RESOLUTION) -> SELECT Id, Name, ProductCode, Family FROM Product2 WHERE IsActive = true LIMIT 150
[DEBUG] _search_product_direct: Found 0 matches for 'Plasmid DNA Purification Kits'
[DEBUG] _search_product_direct: Querying 'Endotoxin-Free Plasmid Kits' (STRICT) -> SELECT Id, Name, ProductCode, Family FROM Product2 WHERE (Name LIKE '%Endotoxin-Free%' AND Name LIKE '%Plasmid%' AND Name LIKE '%Kits%') AND IsActive = true LIMIT 5
[DEBUG] _search_product_direct: Fallback Querying 'Endotoxin-Free Plasmid Kits' (LOOSE) -> SELECT Id, Name, ProductCode, Family FROM Product2 WHERE (Name LIKE '%Endotoxin-Free%' OR Name LIKE '%Plasmid%' OR Name LIKE '%Kits%') AND IsActive = true LIMIT 500
[DEBUG] _search_product_direct: Complete Fallback (TYPO RESOLUTION) -> SELECT Id, Name, ProductCode, Family FROM Product2 WHERE IsActive = true LIMIT 150
[DEBUG] _search_product_direct: Found 0 matches for 'Endotoxin-Free Plasmid Kits'
[DEBUG] _search_product_direct: Querying 'Maxi Plasmid Purification Kits' (STRICT) -> SELECT Id, Name, ProductCode, Family FROM Product2 WHERE (Name LIKE '%Maxi%' AND Name LIKE '%Plasmid%' AND Name LIKE '%Purification%') AND IsActive = true LIMIT 5
[DEBUG] _search_product_direct: Fallback Querying 'Maxi Plasmid Purification Kits' (LOOSE) -> SELECT Id, Name, ProductCode, Family FROM Product2 WHERE (Name LIKE '%Maxi%' OR Name LIKE '%Plasmid%' OR Name LIKE '%Purification%') AND IsActive = true LIMIT 500
[DEBUG] _search_product_direct: Complete Fallback (TYPO RESOLUTION) -> SELECT Id, Name, ProductCode, Family FROM Product2 WHERE IsActive = true LIMIT 150
[DEBUG] _search_product_direct: Found 0 matches for 'Maxi Plasmid Purification Kits'
[DEBUG] _search_product_direct: Querying 'UV-Vis Spectrophotometer' (STRICT) -> SELECT Id, Name, ProductCode, Family FROM Product2 WHERE (Name LIKE '%UV-Vis%' AND Name LIKE '%Spectrophotometer%') AND IsActive = true LIMIT 5
[DEBUG] _search_product_direct: Fallback Querying 'UV-Vis Spectrophotometer' (LOOSE) -> SELECT Id, Name, ProductCode, Family FROM Product2 WHERE (Name LIKE '%UV-Vis%' OR Name LIKE '%Spectrophotometer%') AND IsActive = true LIMIT 500
[DEBUG] _search_product_direct: Complete Fallback (TYPO RESOLUTION) -> SELECT Id, Name, ProductCode, Family FROM Product2 WHERE IsActive = true LIMIT 150
[DEBUG] _search_product_direct: Found 0 matches for 'UV-Vis Spectrophotometer'
[DEBUG] _search_product_direct: Querying 'Orbitrap Mass Spectrometer' (STRICT) -> SELECT Id, Name, ProductCode, Family FROM Product2 WHERE (Name LIKE '%Orbitrap%' AND Name LIKE '%Mass%' AND Name LIKE '%Spectrometer%') AND IsActive = true LIMIT 5
[DEBUG] _search_product_direct: Fallback Querying 'Orbitrap Mass Spectrometer' (LOOSE) -> SELECT Id, Name, ProductCode, Family FROM Product2 WHERE (Name LIKE '%Orbitrap%' OR Name LIKE '%Mass%' OR Name LIKE '%Spectrometer%') AND IsActive = true LIMIT 500
[DEBUG] _search_product_direct: Complete Fallback (TYPO RESOLUTION) -> SELECT Id, Name, ProductCode, Family FROM Product2 WHERE IsActive = true LIMIT 150
[DEBUG] _search_product_direct: Found 0 matches for 'Orbitrap Mass Spectrometer'
[DEBUG] _search_product_direct: Querying 'Flow Cytometer' (STRICT) -> SELECT Id, Name, ProductCode, Family FROM Product2 WHERE (Name LIKE '%Flow%' AND Name LIKE '%Cytometer%') AND IsActive = true LIMIT 5
[DEBUG] _search_product_direct: Fallback Querying 'Flow Cytometer' (LOOSE) -> SELECT Id, Name, ProductCode, Family FROM Product2 WHERE (Name LIKE '%Flow%' OR Name LIKE '%Cytometer%') AND IsActive = true LIMIT 500
[DEBUG] _search_product_direct: Complete Fallback (TYPO RESOLUTION) -> SELECT Id, Name, ProductCode, Family FROM Product2 WHERE IsActive = true LIMIT 150
[DEBUG] _search_product_direct: Found 0 matches for 'Flow Cytometer'
[DEBUG] _search_product_direct: Querying 'Cell Sorting Flow Cytometer' (STRICT) -> SELECT Id, Name, ProductCode, Family FROM Product2 WHERE (Name LIKE '%Cell%' AND Name LIKE '%Sorting%' AND Name LIKE '%Flow%') AND IsActive = true LIMIT 5
[DEBUG] _search_product_direct: Fallback Querying 'Cell Sorting Flow Cytometer' (LOOSE) -> SELECT Id, Name, ProductCode, Family FROM Product2 WHERE (Name LIKE '%Cell%' OR Name LIKE '%Sorting%' OR Name LIKE '%Flow%') AND IsActive = true LIMIT 500
[DEBUG] _search_product_direct: Complete Fallback (TYPO RESOLUTION) -> SELECT Id, Name, ProductCode, Family FROM Product2 WHERE IsActive = true LIMIT 150
[DEBUG] _search_product_direct: Found 0 matches for 'Cell Sorting Flow Cytometer'
[DEBUG] _search_product_direct: Querying 'qPCR Probe Master Mix' (STRICT) -> SELECT Id, Name, ProductCode, Family FROM Product2 WHERE (Name LIKE '%qPCR%' AND Name LIKE '%Probe%' AND Name LIKE '%Master%') AND IsActive = true LIMIT 5
[DEBUG] _search_product_direct: Fallback Querying 'qPCR Probe Master Mix' (LOOSE) -> SELECT Id, Name, ProductCode, Family FROM Product2 WHERE (Name LIKE '%qPCR%' OR Name LIKE '%Probe%' OR Name LIKE '%Master%') AND IsActive = true LIMIT 500
[DEBUG] _search_product_direct: Complete Fallback (TYPO RESOLUTION) -> SELECT Id, Name, ProductCode, Family FROM Product2 WHERE IsActive = true LIMIT 150
[DEBUG] _search_product_direct: Found 0 matches for 'qPCR Probe Master Mix'
[DEBUG] _search_product_direct: Querying 'DNA Extraction Kit – Blood' (STRICT) -> SELECT Id, Name, ProductCode, Family FROM Product2 WHERE (Name LIKE '%DNA%' AND Name LIKE '%Extraction%' AND Name LIKE '%Kit%') AND IsActive = true LIMIT 5
[DEBUG] _search_product_direct: Fallback Querying 'DNA Extraction Kit – Blood' (LOOSE) -> SELECT Id, Name, ProductCode, Family FROM Product2 WHERE (Name LIKE '%DNA%' OR Name LIKE '%Extraction%' OR Name LIKE '%Kit%') AND IsActive = true LIMIT 500
[DEBUG] _search_product_direct: Complete Fallback (TYPO RESOLUTION) -> SELECT Id, Name, ProductCode, Family FROM Product2 WHERE IsActive = true LIMIT 150
[DEBUG] _search_product_direct: Found 0 matches for 'DNA Extraction Kit – Blood'
[DEBUG] Mapping complete — 0 unique products found
Processing request of type ListToolsRequest

[DEBUG] parse_requirements_doc: Processing 1253 characters...
[DEBUG] Calling Gemini directly for document parsing via Pydantic schema...
[DEBUG] _call_gemini_direct: Calling Gemini via official Client...
[DEBUG] _call_gemini_direct: Call succeeded.
[DEBUG] Gemini extracted 9 items.
[DEBUG] Extraction complete. Total unique requirements: 9
[DEBUG] _map_requirements_to_catalog: mapping 9 items
[DEBUG] _search_product_direct: Querying 'Plasmid DNA Purification Kits' (STRICT) -> SELECT Id, Name, ProductCode, Family FROM Product2 WHERE (Name LIKE '%Plasmid%' AND Name LIKE '%DNA%' AND Name LIKE '%Purification%') AND IsActive = true LIMIT 5
[DEBUG] _search_product_direct: Fallback Querying 'Plasmid DNA Purification Kits' (LOOSE) -> SELECT Id, Name, ProductCode, Family FROM Product2 WHERE (Name LIKE '%Plasmid%' OR Name LIKE '%DNA%' OR Name LIKE '%Purification%') AND IsActive = true LIMIT 500
[DEBUG] _search_product_direct: Complete Fallback (TYPO RESOLUTION) -> SELECT Id, Name, ProductCode, Family FROM Product2 WHERE IsActive = true LIMIT 150
[DEBUG] _search_product_direct: Found 0 matches for 'Plasmid DNA Purification Kits'
[DEBUG] _search_product_direct: Querying 'Endotoxin-Free Plasmid Kits' (STRICT) -> SELECT Id, Name, ProductCode, Family FROM Product2 WHERE (Name LIKE '%Endotoxin-Free%' AND Name LIKE '%Plasmid%' AND Name LIKE '%Kits%') AND IsActive = true LIMIT 5
[DEBUG] _search_product_direct: Fallback Querying 'Endotoxin-Free Plasmid Kits' (LOOSE) -> SELECT Id, Name, ProductCode, Family FROM Product2 WHERE (Name LIKE '%Endotoxin-Free%' OR Name LIKE '%Plasmid%' OR Name LIKE '%Kits%') AND IsActive = true LIMIT 500
[DEBUG] _search_product_direct: Complete Fallback (TYPO RESOLUTION) -> SELECT Id, Name, ProductCode, Family FROM Product2 WHERE IsActive = true LIMIT 150
[DEBUG] _search_product_direct: Found 0 matches for 'Endotoxin-Free Plasmid Kits'
[DEBUG] _search_product_direct: Querying 'Maxi Plasmid Purification Kits' (STRICT) -> SELECT Id, Name, ProductCode, Family FROM Product2 WHERE (Name LIKE '%Maxi%' AND Name LIKE '%Plasmid%' AND Name LIKE '%Purification%') AND IsActive = true LIMIT 5
[DEBUG] _search_product_direct: Fallback Querying 'Maxi Plasmid Purification Kits' (LOOSE) -> SELECT Id, Name, ProductCode, Family FROM Product2 WHERE (Name LIKE '%Maxi%' OR Name LIKE '%Plasmid%' OR Name LIKE '%Purification%') AND IsActive = true LIMIT 500
[DEBUG] _search_product_direct: Complete Fallback (TYPO RESOLUTION) -> SELECT Id, Name, ProductCode, Family FROM Product2 WHERE IsActive = true LIMIT 150
[DEBUG] _search_product_direct: Found 0 matches for 'Maxi Plasmid Purification Kits'
[DEBUG] _search_product_direct: Querying 'UV-Vis Spectrophotometer' (STRICT) -> SELECT Id, Name, ProductCode, Family FROM Product2 WHERE (Name LIKE '%UV-Vis%' AND Name LIKE '%Spectrophotometer%') AND IsActive = true LIMIT 5
[DEBUG] _search_product_direct: Fallback Querying 'UV-Vis Spectrophotometer' (LOOSE) -> SELECT Id, Name, ProductCode, Family FROM Product2 WHERE (Name LIKE '%UV-Vis%' OR Name LIKE '%Spectrophotometer%') AND IsActive = true LIMIT 500
[DEBUG] _search_product_direct: Complete Fallback (TYPO RESOLUTION) -> SELECT Id, Name, ProductCode, Family FROM Product2 WHERE IsActive = true LIMIT 150
[DEBUG] _search_product_direct: Found 0 matches for 'UV-Vis Spectrophotometer'
[DEBUG] _search_product_direct: Querying 'Orbitrap Mass Spectrometer' (STRICT) -> SELECT Id, Name, ProductCode, Family FROM Product2 WHERE (Name LIKE '%Orbitrap%' AND Name LIKE '%Mass%' AND Name LIKE '%Spectrometer%') AND IsActive = true LIMIT 5
[DEBUG] _search_product_direct: Fallback Querying 'Orbitrap Mass Spectrometer' (LOOSE) -> SELECT Id, Name, ProductCode, Family FROM Product2 WHERE (Name LIKE '%Orbitrap%' OR Name LIKE '%Mass%' OR Name LIKE '%Spectrometer%') AND IsActive = true LIMIT 500
[DEBUG] _search_product_direct: Complete Fallback (TYPO RESOLUTION) -> SELECT Id, Name, ProductCode, Family FROM Product2 WHERE IsActive = true LIMIT 150
[DEBUG] _search_product_direct: Found 0 matches for 'Orbitrap Mass Spectrometer'
[DEBUG] _search_product_direct: Querying 'Flow Cytometer' (STRICT) -> SELECT Id, Name, ProductCode, Family FROM Product2 WHERE (Name LIKE '%Flow%' AND Name LIKE '%Cytometer%') AND IsActive = true LIMIT 5
[DEBUG] _search_product_direct: Fallback Querying 'Flow Cytometer' (LOOSE) -> SELECT Id, Name, ProductCode, Family FROM Product2 WHERE (Name LIKE '%Flow%' OR Name LIKE '%Cytometer%') AND IsActive = true LIMIT 500
[DEBUG] _search_product_direct: Complete Fallback (TYPO RESOLUTION) -> SELECT Id, Name, ProductCode, Family FROM Product2 WHERE IsActive = true LIMIT 150
[DEBUG] _search_product_direct: Found 0 matches for 'Flow Cytometer'
[DEBUG] _search_product_direct: Querying 'Cell Sorting Flow Cytometer' (STRICT) -> SELECT Id, Name, ProductCode, Family FROM Product2 WHERE (Name LIKE '%Cell%' AND Name LIKE '%Sorting%' AND Name LIKE '%Flow%') AND IsActive = true LIMIT 5
[DEBUG] _search_product_direct: Fallback Querying 'Cell Sorting Flow Cytometer' (LOOSE) -> SELECT Id, Name, ProductCode, Family FROM Product2 WHERE (Name LIKE '%Cell%' OR Name LIKE '%Sorting%' OR Name LIKE '%Flow%') AND IsActive = true LIMIT 500
[DEBUG] _search_product_direct: Complete Fallback (TYPO RESOLUTION) -> SELECT Id, Name, ProductCode, Family FROM Product2 WHERE IsActive = true LIMIT 150
[DEBUG] _search_product_direct: Found 0 matches for 'Cell Sorting Flow Cytometer'
[DEBUG] _search_product_direct: Querying 'qPCR Probe Master Mix' (STRICT) -> SELECT Id, Name, ProductCode, Family FROM Product2 WHERE (Name LIKE '%qPCR%' AND Name LIKE '%Probe%' AND Name LIKE '%Master%') AND IsActive = true LIMIT 5
[DEBUG] _search_product_direct: Fallback Querying 'qPCR Probe Master Mix' (LOOSE) -> SELECT Id, Name, ProductCode, Family FROM Product2 WHERE (Name LIKE '%qPCR%' OR Name LIKE '%Probe%' OR Name LIKE '%Master%') AND IsActive = true LIMIT 500
[DEBUG] _search_product_direct: Complete Fallback (TYPO RESOLUTION) -> SELECT Id, Name, ProductCode, Family FROM Product2 WHERE IsActive = true LIMIT 150
[DEBUG] _search_product_direct: Found 0 matches for 'qPCR Probe Master Mix'
[DEBUG] _search_product_direct: Querying 'DNA Extraction Kit – Blood' (STRICT) -> SELECT Id, Name, ProductCode, Family FROM Product2 WHERE (Name LIKE '%DNA%' AND Name LIKE '%Extraction%' AND Name LIKE '%Kit%') AND IsActive = true LIMIT 5
[DEBUG] _search_product_direct: Fallback Querying 'DNA Extraction Kit – Blood' (LOOSE) -> SELECT Id, Name, ProductCode, Family FROM Product2 WHERE (Name LIKE '%DNA%' OR Name LIKE '%Extraction%' OR Name LIKE '%Kit%') AND IsActive = true LIMIT 500
[DEBUG] _search_product_direct: Complete Fallback (TYPO RESOLUTION) -> SELECT Id, Name, ProductCode, Family FROM Product2 WHERE IsActive = true LIMIT 150
[DEBUG] _search_product_direct: Found 0 matches for 'DNA Extraction Kit – Blood'
[DEBUG] Mapping complete — 0 unique products found
Processing request of type ListToolsRequest
Processing request of type CallToolRequest
Processing request of type CallToolRequest
Processing request of type CallToolRequest
Processing request of type ListToolsRequest

[DEBUG] parse_requirements_doc: Processing 1106 characters...
[DEBUG] Calling Gemini directly for document parsing via Pydantic schema...
[DEBUG] _call_gemini_direct: Calling Gemini via official Client...
[DEBUG] _call_gemini_direct: Call succeeded.
[DEBUG] Gemini extracted 9 items.
[DEBUG] Extraction complete. Total unique requirements: 9
[DEBUG] _map_requirements_to_catalog: mapping 9 items
[DEBUG] _search_product_direct: Querying 'Plasmid DNA Purification Kits' (STRICT) -> SELECT Id, Name, ProductCode, Family FROM Product2 WHERE (Name LIKE '%Plasmid%' AND Name LIKE '%DNA%' AND Name LIKE '%Purification%') AND IsActive = true LIMIT 5
[DEBUG] _search_product_direct: Fallback Querying 'Plasmid DNA Purification Kits' (LOOSE) -> SELECT Id, Name, ProductCode, Family FROM Product2 WHERE (Name LIKE '%Plasmid%' OR Name LIKE '%DNA%' OR Name LIKE '%Purification%') AND IsActive = true LIMIT 500
[DEBUG] _search_product_direct: Complete Fallback (TYPO RESOLUTION) -> SELECT Id, Name, ProductCode, Family FROM Product2 WHERE IsActive = true LIMIT 150
[DEBUG] _search_product_direct: Found 0 matches for 'Plasmid DNA Purification Kits'
[DEBUG] _search_product_direct: Querying 'Endotoxin-Free Plasmid Kits' (STRICT) -> SELECT Id, Name, ProductCode, Family FROM Product2 WHERE (Name LIKE '%Endotoxin-Free%' AND Name LIKE '%Plasmid%' AND Name LIKE '%Kits%') AND IsActive = true LIMIT 5
[DEBUG] _search_product_direct: Fallback Querying 'Endotoxin-Free Plasmid Kits' (LOOSE) -> SELECT Id, Name, ProductCode, Family FROM Product2 WHERE (Name LIKE '%Endotoxin-Free%' OR Name LIKE '%Plasmid%' OR Name LIKE '%Kits%') AND IsActive = true LIMIT 500
[DEBUG] _search_product_direct: Complete Fallback (TYPO RESOLUTION) -> SELECT Id, Name, ProductCode, Family FROM Product2 WHERE IsActive = true LIMIT 150
[DEBUG] _search_product_direct: Found 0 matches for 'Endotoxin-Free Plasmid Kits'
[DEBUG] _search_product_direct: Querying 'Maxi Plasmid Purification Kits' (STRICT) -> SELECT Id, Name, ProductCode, Family FROM Product2 WHERE (Name LIKE '%Maxi%' AND Name LIKE '%Plasmid%' AND Name LIKE '%Purification%') AND IsActive = true LIMIT 5
[DEBUG] _search_product_direct: Fallback Querying 'Maxi Plasmid Purification Kits' (LOOSE) -> SELECT Id, Name, ProductCode, Family FROM Product2 WHERE (Name LIKE '%Maxi%' OR Name LIKE '%Plasmid%' OR Name LIKE '%Purification%') AND IsActive = true LIMIT 500
[DEBUG] _search_product_direct: Complete Fallback (TYPO RESOLUTION) -> SELECT Id, Name, ProductCode, Family FROM Product2 WHERE IsActive = true LIMIT 150
[DEBUG] _search_product_direct: Found 0 matches for 'Maxi Plasmid Purification Kits'
[DEBUG] _search_product_direct: Querying 'UV-Vis Spectrophotometer' (STRICT) -> SELECT Id, Name, ProductCode, Family FROM Product2 WHERE (Name LIKE '%UV-Vis%' AND Name LIKE '%Spectrophotometer%') AND IsActive = true LIMIT 5
[DEBUG] _search_product_direct: Fallback Querying 'UV-Vis Spectrophotometer' (LOOSE) -> SELECT Id, Name, ProductCode, Family FROM Product2 WHERE (Name LIKE '%UV-Vis%' OR Name LIKE '%Spectrophotometer%') AND IsActive = true LIMIT 500
[DEBUG] _search_product_direct: Complete Fallback (TYPO RESOLUTION) -> SELECT Id, Name, ProductCode, Family FROM Product2 WHERE IsActive = true LIMIT 150
[DEBUG] _search_product_direct: Found 0 matches for 'UV-Vis Spectrophotometer'
[DEBUG] _search_product_direct: Querying 'Orbitrap Mass Spectrometer' (STRICT) -> SELECT Id, Name, ProductCode, Family FROM Product2 WHERE (Name LIKE '%Orbitrap%' AND Name LIKE '%Mass%' AND Name LIKE '%Spectrometer%') AND IsActive = true LIMIT 5
[DEBUG] _search_product_direct: Fallback Querying 'Orbitrap Mass Spectrometer' (LOOSE) -> SELECT Id, Name, ProductCode, Family FROM Product2 WHERE (Name LIKE '%Orbitrap%' OR Name LIKE '%Mass%' OR Name LIKE '%Spectrometer%') AND IsActive = true LIMIT 500
[DEBUG] _search_product_direct: Complete Fallback (TYPO RESOLUTION) -> SELECT Id, Name, ProductCode, Family FROM Product2 WHERE IsActive = true LIMIT 150
[DEBUG] _search_product_direct: Found 0 matches for 'Orbitrap Mass Spectrometer'
[DEBUG] _search_product_direct: Querying 'Flow Cytometer' (STRICT) -> SELECT Id, Name, ProductCode, Family FROM Product2 WHERE (Name LIKE '%Flow%' AND Name LIKE '%Cytometer%') AND IsActive = true LIMIT 5
[DEBUG] _search_product_direct: Fallback Querying 'Flow Cytometer' (LOOSE) -> SELECT Id, Name, ProductCode, Family FROM Product2 WHERE (Name LIKE '%Flow%' OR Name LIKE '%Cytometer%') AND IsActive = true LIMIT 500
[DEBUG] _search_product_direct: Complete Fallback (TYPO RESOLUTION) -> SELECT Id, Name, ProductCode, Family FROM Product2 WHERE IsActive = true LIMIT 150
[DEBUG] _search_product_direct: Found 0 matches for 'Flow Cytometer'
[DEBUG] _search_product_direct: Querying 'Cell Sorting Flow Cytometer' (STRICT) -> SELECT Id, Name, ProductCode, Family FROM Product2 WHERE (Name LIKE '%Cell%' AND Name LIKE '%Sorting%' AND Name LIKE '%Flow%') AND IsActive = true LIMIT 5
[DEBUG] _search_product_direct: Fallback Querying 'Cell Sorting Flow Cytometer' (LOOSE) -> SELECT Id, Name, ProductCode, Family FROM Product2 WHERE (Name LIKE '%Cell%' OR Name LIKE '%Sorting%' OR Name LIKE '%Flow%') AND IsActive = true LIMIT 500
[DEBUG] _search_product_direct: Complete Fallback (TYPO RESOLUTION) -> SELECT Id, Name, ProductCode, Family FROM Product2 WHERE IsActive = true LIMIT 150
[DEBUG] _search_product_direct: Found 0 matches for 'Cell Sorting Flow Cytometer'
[DEBUG] _search_product_direct: Querying 'qPCR Probe Master Mix' (STRICT) -> SELECT Id, Name, ProductCode, Family FROM Product2 WHERE (Name LIKE '%qPCR%' AND Name LIKE '%Probe%' AND Name LIKE '%Master%') AND IsActive = true LIMIT 5
[DEBUG] _search_product_direct: Fallback Querying 'qPCR Probe Master Mix' (LOOSE) -> SELECT Id, Name, ProductCode, Family FROM Product2 WHERE (Name LIKE '%qPCR%' OR Name LIKE '%Probe%' OR Name LIKE '%Master%') AND IsActive = true LIMIT 500
[DEBUG] _search_product_direct: Complete Fallback (TYPO RESOLUTION) -> SELECT Id, Name, ProductCode, Family FROM Product2 WHERE IsActive = true LIMIT 150
[DEBUG] _search_product_direct: Found 0 matches for 'qPCR Probe Master Mix'
[DEBUG] _search_product_direct: Querying 'DNA Extraction Kit – Blood' (STRICT) -> SELECT Id, Name, ProductCode, Family FROM Product2 WHERE (Name LIKE '%DNA%' AND Name LIKE '%Extraction%' AND Name LIKE '%Kit%') AND IsActive = true LIMIT 5
[DEBUG] _search_product_direct: Fallback Querying 'DNA Extraction Kit – Blood' (LOOSE) -> SELECT Id, Name, ProductCode, Family FROM Product2 WHERE (Name LIKE '%DNA%' OR Name LIKE '%Extraction%' OR Name LIKE '%Kit%') AND IsActive = true LIMIT 500
[DEBUG] _search_product_direct: Complete Fallback (TYPO RESOLUTION) -> SELECT Id, Name, ProductCode, Family FROM Product2 WHERE IsActive = true LIMIT 150
[DEBUG] _search_product_direct: Found 0 matches for 'DNA Extraction Kit – Blood'
[DEBUG] Mapping complete — 0 unique products found
Processing request of type ListToolsRequest
Processing request of type CallToolRequest
Processing request of type CallToolRequest
Processing request of type CallToolRequest
Processing request of type CallToolRequest
Processing request of type CallToolRequest
[DEBUG] _map_requirements_to_catalog: mapping 9 items
[DEBUG] _search_product_direct: Querying 'Plasmid DNA Purification Kits' (STRICT) -> SELECT Id, Name, ProductCode, Family FROM Product2 WHERE (Name LIKE '%Plasmid%' AND Name LIKE '%DNA%' AND Name LIKE '%Purification%') AND IsActive = true LIMIT 5
[DEBUG] _search_product_direct: Fallback Querying 'Plasmid DNA Purification Kits' (LOOSE) -> SELECT Id, Name, ProductCode, Family FROM Product2 WHERE (Name LIKE '%Plasmid%' OR Name LIKE '%DNA%' OR Name LIKE '%Purification%') AND IsActive = true LIMIT 500
[DEBUG] _search_product_direct: Complete Fallback (TYPO RESOLUTION) -> SELECT Id, Name, ProductCode, Family FROM Product2 WHERE IsActive = true LIMIT 150
[DEBUG] _search_product_direct: Found 0 matches for 'Plasmid DNA Purification Kits'
[DEBUG] _search_product_direct: Querying 'Endotoxin-Free Plasmid Kits' (STRICT) -> SELECT Id, Name, ProductCode, Family FROM Product2 WHERE (Name LIKE '%Endotoxin-Free%' AND Name LIKE '%Plasmid%' AND Name LIKE '%Kits%') AND IsActive = true LIMIT 5
[DEBUG] _search_product_direct: Fallback Querying 'Endotoxin-Free Plasmid Kits' (LOOSE) -> SELECT Id, Name, ProductCode, Family FROM Product2 WHERE (Name LIKE '%Endotoxin-Free%' OR Name LIKE '%Plasmid%' OR Name LIKE '%Kits%') AND IsActive = true LIMIT 500
[DEBUG] _search_product_direct: Complete Fallback (TYPO RESOLUTION) -> SELECT Id, Name, ProductCode, Family FROM Product2 WHERE IsActive = true LIMIT 150
[DEBUG] _search_product_direct: Found 0 matches for 'Endotoxin-Free Plasmid Kits'
[DEBUG] _search_product_direct: Querying 'Maxi Plasmid Purification Kits' (STRICT) -> SELECT Id, Name, ProductCode, Family FROM Product2 WHERE (Name LIKE '%Maxi%' AND Name LIKE '%Plasmid%' AND Name LIKE '%Purification%') AND IsActive = true LIMIT 5
[DEBUG] _search_product_direct: Fallback Querying 'Maxi Plasmid Purification Kits' (LOOSE) -> SELECT Id, Name, ProductCode, Family FROM Product2 WHERE (Name LIKE '%Maxi%' OR Name LIKE '%Plasmid%' OR Name LIKE '%Purification%') AND IsActive = true LIMIT 500
[DEBUG] _search_product_direct: Complete Fallback (TYPO RESOLUTION) -> SELECT Id, Name, ProductCode, Family FROM Product2 WHERE IsActive = true LIMIT 150
[DEBUG] _search_product_direct: Found 0 matches for 'Maxi Plasmid Purification Kits'
[DEBUG] _search_product_direct: Querying 'UV-Vis Spectrophotometer' (STRICT) -> SELECT Id, Name, ProductCode, Family FROM Product2 WHERE (Name LIKE '%UV-Vis%' AND Name LIKE '%Spectrophotometer%') AND IsActive = true LIMIT 5
[DEBUG] _search_product_direct: Fallback Querying 'UV-Vis Spectrophotometer' (LOOSE) -> SELECT Id, Name, ProductCode, Family FROM Product2 WHERE (Name LIKE '%UV-Vis%' OR Name LIKE '%Spectrophotometer%') AND IsActive = true LIMIT 500
[DEBUG] _search_product_direct: Complete Fallback (TYPO RESOLUTION) -> SELECT Id, Name, ProductCode, Family FROM Product2 WHERE IsActive = true LIMIT 150
[DEBUG] _search_product_direct: Found 0 matches for 'UV-Vis Spectrophotometer'
[DEBUG] _search_product_direct: Querying 'Orbitrap Mass Spectrometer' (STRICT) -> SELECT Id, Name, ProductCode, Family FROM Product2 WHERE (Name LIKE '%Orbitrap%' AND Name LIKE '%Mass%' AND Name LIKE '%Spectrometer%') AND IsActive = true LIMIT 5
[DEBUG] _search_product_direct: Fallback Querying 'Orbitrap Mass Spectrometer' (LOOSE) -> SELECT Id, Name, ProductCode, Family FROM Product2 WHERE (Name LIKE '%Orbitrap%' OR Name LIKE '%Mass%' OR Name LIKE '%Spectrometer%') AND IsActive = true LIMIT 500
[DEBUG] _search_product_direct: Complete Fallback (TYPO RESOLUTION) -> SELECT Id, Name, ProductCode, Family FROM Product2 WHERE IsActive = true LIMIT 150
[DEBUG] _search_product_direct: Found 0 matches for 'Orbitrap Mass Spectrometer'
[DEBUG] _search_product_direct: Querying 'Flow Cytometer' (STRICT) -> SELECT Id, Name, ProductCode, Family FROM Product2 WHERE (Name LIKE '%Flow%' AND Name LIKE '%Cytometer%') AND IsActive = true LIMIT 5
[DEBUG] _search_product_direct: Fallback Querying 'Flow Cytometer' (LOOSE) -> SELECT Id, Name, ProductCode, Family FROM Product2 WHERE (Name LIKE '%Flow%' OR Name LIKE '%Cytometer%') AND IsActive = true LIMIT 500
[DEBUG] _search_product_direct: Complete Fallback (TYPO RESOLUTION) -> SELECT Id, Name, ProductCode, Family FROM Product2 WHERE IsActive = true LIMIT 150
[DEBUG] _search_product_direct: Found 0 matches for 'Flow Cytometer'
[DEBUG] _search_product_direct: Querying 'Cell Sorting Flow Cytometer' (STRICT) -> SELECT Id, Name, ProductCode, Family FROM Product2 WHERE (Name LIKE '%Cell%' AND Name LIKE '%Sorting%' AND Name LIKE '%Flow%') AND IsActive = true LIMIT 5
[DEBUG] _search_product_direct: Fallback Querying 'Cell Sorting Flow Cytometer' (LOOSE) -> SELECT Id, Name, ProductCode, Family FROM Product2 WHERE (Name LIKE '%Cell%' OR Name LIKE '%Sorting%' OR Name LIKE '%Flow%') AND IsActive = true LIMIT 500
[DEBUG] _search_product_direct: Complete Fallback (TYPO RESOLUTION) -> SELECT Id, Name, ProductCode, Family FROM Product2 WHERE IsActive = true LIMIT 150
[DEBUG] _search_product_direct: Found 0 matches for 'Cell Sorting Flow Cytometer'
[DEBUG] _search_product_direct: Querying 'qPCR Probe Master Mix' (STRICT) -> SELECT Id, Name, ProductCode, Family FROM Product2 WHERE (Name LIKE '%qPCR%' AND Name LIKE '%Probe%' AND Name LIKE '%Master%') AND IsActive = true LIMIT 5
[DEBUG] _search_product_direct: Fallback Querying 'qPCR Probe Master Mix' (LOOSE) -> SELECT Id, Name, ProductCode, Family FROM Product2 WHERE (Name LIKE '%qPCR%' OR Name LIKE '%Probe%' OR Name LIKE '%Master%') AND IsActive = true LIMIT 500
[DEBUG] _search_product_direct: Complete Fallback (TYPO RESOLUTION) -> SELECT Id, Name, ProductCode, Family FROM Product2 WHERE IsActive = true LIMIT 150
[DEBUG] _search_product_direct: Found 0 matches for 'qPCR Probe Master Mix'
[DEBUG] _search_product_direct: Querying 'DNA Extraction Kit – Blood' (STRICT) -> SELECT Id, Name, ProductCode, Family FROM Product2 WHERE (Name LIKE '%DNA%' AND Name LIKE '%Extraction%' AND Name LIKE '%Kit%') AND IsActive = true LIMIT 5
[DEBUG] _search_product_direct: Fallback Querying 'DNA Extraction Kit – Blood' (LOOSE) -> SELECT Id, Name, ProductCode, Family FROM Product2 WHERE (Name LIKE '%DNA%' OR Name LIKE '%Extraction%' OR Name LIKE '%Kit%') AND IsActive = true LIMIT 500
[DEBUG] _search_product_direct: Complete Fallback (TYPO RESOLUTION) -> SELECT Id, Name, ProductCode, Family FROM Product2 WHERE IsActive = true LIMIT 150
[DEBUG] _search_product_direct: Found 0 matches for 'DNA Extraction Kit – Blood'
[DEBUG] Mapping complete — 0 unique products found
[06/05/26 11:11:20] INFO     Processing request of type ListToolsRequest                                  server.py:727
[06/05/26 11:11:35] INFO     Processing request of type CallToolRequest                                   server.py:727
[Twin Hunter] Salesforce Context: retrieved ThermoFisher context {"analysis_id": "twin_5634bdb7b6", "mode": "single_account", "accounts": 23, "opportunities": 80, "target": "Novartis", "anchors": ["Novartis"]}
[06/05/26 11:11:56] INFO     Processing request of type CallToolRequest                                   server.py:727
[06/05/26 11:12:13] INFO     Processing request of type CallToolRequest                                   server.py:727
[06/05/26 12:12:44] INFO     Processing request of type ListToolsRequest                                  server.py:727
[06/05/26 12:12:52] INFO     Processing request of type CallToolRequest                                   server.py:727
[Twin Hunter] Salesforce Context: retrieved ThermoFisher context {"analysis_id": "twin_a1b266b830", "mode": "single_account", "accounts": 23, "opportunities": 80, "target": "Novartis", "anchors": ["Novartis"]}
[06/05/26 12:13:03] INFO     Processing request of type CallToolRequest                                   server.py:727
[06/05/26 12:13:18] INFO     Processing request of type CallToolRequest                                   server.py:727
[06/05/26 12:17:34] INFO     Processing request of type ListToolsRequest                                  server.py:727
[06/05/26 12:17:42] INFO     Processing request of type CallToolRequest                                   server.py:727
[Twin Hunter] Salesforce Context: retrieved ThermoFisher context {"analysis_id": "twin_46fb8183a2", "mode": "icp_profile", "accounts": 23, "opportunities": 80, "target": null, "anchors": ["Pfizer", "Merck", "Moderna", "Roche", "Novartis"]}
[06/05/26 12:17:53] INFO     Processing request of type CallToolRequest                                   server.py:727
[06/05/26 12:18:10] INFO     Processing request of type CallToolRequest                                   server.py:727
[06/05/26 12:26:20] INFO     Processing request of type ListToolsRequest                                  server.py:727
[06/05/26 12:26:30] INFO     Processing request of type CallToolRequest                                   server.py:727
[Twin Hunter] Salesforce Context: retrieved ThermoFisher context {"analysis_id": "twin_d47eb089f2", "mode": "single_account", "accounts": 23, "opportunities": 80, "target": "Novartis", "anchors": ["Novartis"]}
[06/05/26 12:26:43] INFO     Processing request of type CallToolRequest                                   server.py:727
[06/05/26 12:26:55] INFO     Processing request of type CallToolRequest                                   server.py:727
[06/05/26 12:34:17] INFO     Processing request of type ListToolsRequest                                  server.py:727
[06/05/26 12:34:26] INFO     Processing request of type CallToolRequest                                   server.py:727
[Twin Hunter] Salesforce Context: retrieved ThermoFisher context {"analysis_id": "twin_a285a13de6", "mode": "single_account", "accounts": 23, "opportunities": 80, "target": "Novartis", "anchors": ["Novartis"]}
[06/05/26 12:34:40] INFO     Processing request of type CallToolRequest                                   server.py:727
[06/05/26 12:35:00] INFO     Processing request of type CallToolRequest                                   server.py:727
[06/05/26 12:37:32] INFO     Processing request of type ListToolsRequest                                  server.py:727
[06/05/26 12:37:40] INFO     Processing request of type CallToolRequest                                   server.py:727
[Twin Hunter] Salesforce Context: retrieved ThermoFisher context {"analysis_id": "twin_1370151483", "mode": "single_account", "accounts": 23, "opportunities": 80, "target": "Novartis", "anchors": ["Novartis"]}
[06/05/26 12:37:50] INFO     Processing request of type CallToolRequest                                   server.py:727
[06/05/26 12:38:02] INFO     Processing request of type CallToolRequest                                   server.py:727
[06/05/26 12:38:57] INFO     Processing request of type ListToolsRequest                                  server.py:727
[06/05/26 12:39:07] INFO     Processing request of type CallToolRequest                                   server.py:727
[Twin Hunter] Salesforce Context: retrieved ThermoFisher context {"analysis_id": "twin_d45695acd9", "mode": "icp_profile", "accounts": 23, "opportunities": 80, "target": null, "anchors": ["Pfizer", "Merck", "Moderna", "Roche", "Novartis"]}
[06/05/26 12:39:19] INFO     Processing request of type CallToolRequest                                   server.py:727
[06/05/26 12:39:44] INFO     Processing request of type CallToolRequest                                   server.py:727
[06/05/26 12:50:33] INFO     Processing request of type ListToolsRequest                                  server.py:727
[06/05/26 12:50:41] INFO     Processing request of type CallToolRequest                                   server.py:727
[Twin Hunter] Salesforce Context: retrieved ThermoFisher context {"analysis_id": "twin_69f891a48a", "mode": "single_account", "accounts": 23, "opportunities": 80, "target": "Novartis", "anchors": ["Novartis"]}
[06/05/26 12:50:54] INFO     Processing request of type CallToolRequest                                   server.py:727
[06/05/26 12:51:06] INFO     Processing request of type CallToolRequest                                   server.py:727
[06/05/26 12:55:19] INFO     Processing request of type ListToolsRequest                                  server.py:727
[06/05/26 12:55:27] INFO     Processing request of type CallToolRequest                                   server.py:727
[Twin Hunter] Salesforce Context: retrieved ThermoFisher context {"analysis_id": "twin_ca493e7359", "mode": "icp_profile", "accounts": 23, "opportunities": 80, "target": null, "anchors": ["Pfizer", "Merck", "Moderna", "Roche", "Novartis"]}
[06/05/26 12:55:36] INFO     Processing request of type CallToolRequest                                   server.py:727
[06/05/26 12:55:50] INFO     Processing request of type CallToolRequest                                   server.py:727
[06/05/26 12:57:32] INFO     Processing request of type ListToolsRequest                                  server.py:727
[06/05/26 12:57:43] INFO     Processing request of type CallToolRequest                                   server.py:727
[06/05/26 12:58:32] INFO     Processing request of type ListToolsRequest                                  server.py:727
[06/05/26 12:59:35] INFO     Processing request of type ListToolsRequest                                  server.py:727
[06/05/26 12:59:46] INFO     Processing request of type CallToolRequest                                   server.py:727
[Twin Hunter] Salesforce Context: retrieved ThermoFisher context {"analysis_id": "twin_f6b13cd308", "mode": "single_account", "accounts": 23, "opportunities": 80, "target": "Novartis", "anchors": ["Novartis"]}
[06/05/26 12:59:58] INFO     Processing request of type CallToolRequest                                   server.py:727
[06/05/26 13:00:11] INFO     Processing request of type CallToolRequest                                   server.py:727
[06/05/26 13:23:17] INFO     Processing request of type ListToolsRequest                                  server.py:727
[06/05/26 13:23:24] INFO     Processing request of type CallToolRequest                                   server.py:727
[Twin Hunter] Salesforce Context: retrieved ThermoFisher context {"analysis_id": "twin_30313ab566", "mode": "icp_profile", "accounts": 23, "opportunities": 80, "target": null, "anchors": ["Pfizer", "Merck", "Moderna", "Roche", "Novartis"]}
[06/05/26 13:23:37] INFO     Processing request of type CallToolRequest                                   server.py:727
[06/05/26 13:23:56] INFO     Processing request of type CallToolRequest                                   server.py:727
[06/05/26 13:30:28] INFO     Processing request of type ListToolsRequest                                  server.py:727
[06/05/26 13:30:36] INFO     Processing request of type CallToolRequest                                   server.py:727
[Twin Hunter] Salesforce Context: retrieved ThermoFisher context {"analysis_id": "twin_558d8e2d18", "mode": "icp_profile", "accounts": 23, "opportunities": 80, "target": null, "anchors": ["Pfizer", "Merck", "Moderna", "Roche", "Novartis"]}
[06/05/26 13:30:47] INFO     Processing request of type CallToolRequest                                   server.py:727
[06/05/26 13:31:05] INFO     Processing request of type CallToolRequest                                   server.py:727
[06/05/26 13:33:02] INFO     Processing request of type ListToolsRequest                                  server.py:727
[06/05/26 13:33:11] INFO     Processing request of type CallToolRequest                                   server.py:727
[06/05/26 13:33:42] INFO     Processing request of type ListToolsRequest                                  server.py:727
[06/05/26 13:33:53] INFO     Processing request of type CallToolRequest                                   server.py:727
[Twin Hunter] Salesforce Context: retrieved ThermoFisher context {"analysis_id": "twin_a3ae45dc77", "mode": "single_account", "accounts": 23, "opportunities": 80, "target": "Novartis", "anchors": ["Novartis"]}
[06/05/26 13:34:05] INFO     Processing request of type CallToolRequest                                   server.py:727
[06/05/26 13:34:24] INFO     Processing request of type CallToolRequest                                   server.py:727
[06/05/26 13:47:27] INFO     Processing request of type ListToolsRequest                                  server.py:727

[DEBUG] parse_requirements_doc: Processing 1175 characters...
[DEBUG] Calling Gemini directly for document parsing via Pydantic schema...
[DEBUG] _call_gemini_direct: Calling Gemini via official Client...
[DEBUG] _call_gemini_direct: Call succeeded.
[DEBUG] Gemini extracted 9 items.
[DEBUG] Extraction complete. Total unique requirements: 9
[DEBUG] _map_requirements_to_catalog: mapping 9 items
[DEBUG] _search_product_direct: Querying 'Plasmid DNA Purification Kits' (STRICT) -> SELECT Id, Name, ProductCode, Family FROM Product2 WHERE (Name LIKE '%Plasmid%' AND Name LIKE '%DNA%' AND Name LIKE '%Purification%') AND IsActive = true LIMIT 5
[DEBUG] _search_product_direct: Found 1 matches for 'Plasmid DNA Purification Kits'
[DEBUG] _search_product_direct: Querying 'Endotoxin-Free Plasmid Kits' (STRICT) -> SELECT Id, Name, ProductCode, Family FROM Product2 WHERE (Name LIKE '%Endotoxin-Free%' AND Name LIKE '%Plasmid%' AND Name LIKE '%Kits%') AND IsActive = true LIMIT 5
[DEBUG] _search_product_direct: Fallback Querying 'Endotoxin-Free Plasmid Kits' (LOOSE) -> SELECT Id, Name, ProductCode, Family FROM Product2 WHERE (Name LIKE '%Endotoxin-Free%' OR Name LIKE '%Plasmid%' OR Name LIKE '%Kits%') AND IsActive = true LIMIT 500
[DEBUG] _search_product_direct: Found 3 matches for 'Endotoxin-Free Plasmid Kits'
[DEBUG] _search_product_direct: Querying 'Maxi Plasmid Purification Kits' (STRICT) -> SELECT Id, Name, ProductCode, Family FROM Product2 WHERE (Name LIKE '%Maxi%' AND Name LIKE '%Plasmid%' AND Name LIKE '%Purification%') AND IsActive = true LIMIT 5
[DEBUG] _search_product_direct: Found 1 matches for 'Maxi Plasmid Purification Kits'
[DEBUG] _search_product_direct: Querying 'UV-Vis Spectrophotometer' (STRICT) -> SELECT Id, Name, ProductCode, Family FROM Product2 WHERE (Name LIKE '%UV-Vis%' AND Name LIKE '%Spectrophotometer%') AND IsActive = true LIMIT 5
[DEBUG] _search_product_direct: Found 1 matches for 'UV-Vis Spectrophotometer'
[DEBUG] _search_product_direct: Querying 'Orbitrap Mass Spectrometer' (STRICT) -> SELECT Id, Name, ProductCode, Family FROM Product2 WHERE (Name LIKE '%Orbitrap%' AND Name LIKE '%Mass%' AND Name LIKE '%Spectrometer%') AND IsActive = true LIMIT 5
[DEBUG] _search_product_direct: Found 1 matches for 'Orbitrap Mass Spectrometer'
[DEBUG] _search_product_direct: Querying 'Flow Cytometer' (STRICT) -> SELECT Id, Name, ProductCode, Family FROM Product2 WHERE (Name LIKE '%Flow%' AND Name LIKE '%Cytometer%') AND IsActive = true LIMIT 5
[DEBUG] _search_product_direct: Found 3 matches for 'Flow Cytometer'
[DEBUG] _search_product_direct: Querying 'Cell Sorting Flow Cytometer' (STRICT) -> SELECT Id, Name, ProductCode, Family FROM Product2 WHERE (Name LIKE '%Cell%' AND Name LIKE '%Sorting%' AND Name LIKE '%Flow%') AND IsActive = true LIMIT 5
[DEBUG] _search_product_direct: Found 1 matches for 'Cell Sorting Flow Cytometer'
[DEBUG] _search_product_direct: Querying 'qPCR Probe Master Mix' (STRICT) -> SELECT Id, Name, ProductCode, Family FROM Product2 WHERE (Name LIKE '%qPCR%' AND Name LIKE '%Probe%' AND Name LIKE '%Master%') AND IsActive = true LIMIT 5
[DEBUG] _search_product_direct: Found 1 matches for 'qPCR Probe Master Mix'
[DEBUG] _search_product_direct: Querying 'DNA Extraction Kit – Blood' (STRICT) -> SELECT Id, Name, ProductCode, Family FROM Product2 WHERE (Name LIKE '%DNA%' AND Name LIKE '%Extraction%' AND Name LIKE '%Kit%') AND IsActive = true LIMIT 5
[DEBUG] _search_product_direct: Found 2 matches for 'DNA Extraction Kit – Blood'
[DEBUG] Mapping complete — 9 unique products found
[06/05/26 13:48:10] INFO     Processing request of type ListToolsRequest                                  server.py:727
[06/05/26 13:48:27] INFO     Processing request of type CallToolRequest                                   server.py:727
[06/05/26 13:48:36] INFO     Processing request of type CallToolRequest                                   server.py:727
[06/05/26 13:48:49] INFO     Processing request of type CallToolRequest                                   server.py:727
[DEBUG] _map_requirements_to_catalog: mapping 9 items
[DEBUG] _search_product_direct: Querying 'Plasmid DNA Purification Kits' (STRICT) -> SELECT Id, Name, ProductCode, Family FROM Product2 WHERE (Name LIKE '%Plasmid%' AND Name LIKE '%DNA%' AND Name LIKE '%Purification%') AND IsActive = true LIMIT 5
[DEBUG] _search_product_direct: Found 1 matches for 'Plasmid DNA Purification Kits'
[DEBUG] _search_product_direct: Querying 'Endotoxin-Free Plasmid Kits' (STRICT) -> SELECT Id, Name, ProductCode, Family FROM Product2 WHERE (Name LIKE '%Endotoxin-Free%' AND Name LIKE '%Plasmid%' AND Name LIKE '%Kits%') AND IsActive = true LIMIT 5
[DEBUG] _search_product_direct: Fallback Querying 'Endotoxin-Free Plasmid Kits' (LOOSE) -> SELECT Id, Name, ProductCode, Family FROM Product2 WHERE (Name LIKE '%Endotoxin-Free%' OR Name LIKE '%Plasmid%' OR Name LIKE '%Kits%') AND IsActive = true LIMIT 500
[DEBUG] _search_product_direct: Found 3 matches for 'Endotoxin-Free Plasmid Kits'
[DEBUG] _search_product_direct: Querying 'Maxi Plasmid Purification Kits' (STRICT) -> SELECT Id, Name, ProductCode, Family FROM Product2 WHERE (Name LIKE '%Maxi%' AND Name LIKE '%Plasmid%' AND Name LIKE '%Purification%') AND IsActive = true LIMIT 5
[DEBUG] _search_product_direct: Found 1 matches for 'Maxi Plasmid Purification Kits'
[DEBUG] _search_product_direct: Querying 'UV-Vis Spectrophotometer' (STRICT) -> SELECT Id, Name, ProductCode, Family FROM Product2 WHERE (Name LIKE '%UV-Vis%' AND Name LIKE '%Spectrophotometer%') AND IsActive = true LIMIT 5
[DEBUG] _search_product_direct: Found 1 matches for 'UV-Vis Spectrophotometer'
[DEBUG] _search_product_direct: Querying 'Orbitrap Mass Spectrometer' (STRICT) -> SELECT Id, Name, ProductCode, Family FROM Product2 WHERE (Name LIKE '%Orbitrap%' AND Name LIKE '%Mass%' AND Name LIKE '%Spectrometer%') AND IsActive = true LIMIT 5
[DEBUG] _search_product_direct: Found 1 matches for 'Orbitrap Mass Spectrometer'
[DEBUG] _search_product_direct: Querying 'Flow Cytometer' (STRICT) -> SELECT Id, Name, ProductCode, Family FROM Product2 WHERE (Name LIKE '%Flow%' AND Name LIKE '%Cytometer%') AND IsActive = true LIMIT 5
[DEBUG] _search_product_direct: Found 3 matches for 'Flow Cytometer'
[DEBUG] _search_product_direct: Querying 'Cell Sorting Flow Cytometer' (STRICT) -> SELECT Id, Name, ProductCode, Family FROM Product2 WHERE (Name LIKE '%Cell%' AND Name LIKE '%Sorting%' AND Name LIKE '%Flow%') AND IsActive = true LIMIT 5
[DEBUG] _search_product_direct: Found 1 matches for 'Cell Sorting Flow Cytometer'
[DEBUG] _search_product_direct: Querying 'qPCR Probe Master Mix' (STRICT) -> SELECT Id, Name, ProductCode, Family FROM Product2 WHERE (Name LIKE '%qPCR%' AND Name LIKE '%Probe%' AND Name LIKE '%Master%') AND IsActive = true LIMIT 5
[DEBUG] _search_product_direct: Found 1 matches for 'qPCR Probe Master Mix'
[DEBUG] _search_product_direct: Querying 'DNA Extraction Kit – Blood' (STRICT) -> SELECT Id, Name, ProductCode, Family FROM Product2 WHERE (Name LIKE '%DNA%' AND Name LIKE '%Extraction%' AND Name LIKE '%Kit%') AND IsActive = true LIMIT 5
[DEBUG] _search_product_direct: Found 2 matches for 'DNA Extraction Kit – Blood'
[DEBUG] Mapping complete — 9 unique products found
[06/05/26 13:49:26] INFO     Processing request of type ListToolsRequest                                  server.py:727
[06/05/26 13:49:36] INFO     Processing request of type CallToolRequest                                   server.py:727
[06/05/26 13:49:55] INFO     Processing request of type ListToolsRequest                                  server.py:727
[06/05/26 13:50:05] INFO     Processing request of type CallToolRequest                                   server.py:727
[06/05/26 13:50:26] INFO     Processing request of type ListToolsRequest                                  server.py:727
[06/05/26 13:50:40] INFO     Processing request of type CallToolRequest                                   server.py:727
[06/05/26 13:51:03] INFO     Processing request of type CallToolRequest                                   server.py:727
[06/05/26 13:51:40] INFO     Processing request of type ListToolsRequest                                  server.py:727
[06/05/26 14:40:28] INFO     Processing request of type ListToolsRequest                                  server.py:727

[DEBUG] parse_requirements_doc: Processing 1175 characters...
[DEBUG] Calling Gemini directly for document parsing via Pydantic schema...
[DEBUG] _call_gemini_direct: Calling Gemini via official Client...
[DEBUG] _call_gemini_direct: Call succeeded.
[DEBUG] Gemini extracted 9 items.
[DEBUG] Extraction complete. Total unique requirements: 9
[DEBUG] _map_requirements_to_catalog: mapping 9 items
[DEBUG] _search_product_direct: Querying 'Plasmid DNA Purification Kits' (STRICT) -> SELECT Id, Name, ProductCode, Family FROM Product2 WHERE (Name LIKE '%Plasmid%' AND Name LIKE '%DNA%' AND Name LIKE '%Purification%') AND IsActive = true LIMIT 5
[DEBUG] _search_product_direct: Found 1 matches for 'Plasmid DNA Purification Kits'
[DEBUG] _search_product_direct: Querying 'Endotoxin-Free Plasmid Kits' (STRICT) -> SELECT Id, Name, ProductCode, Family FROM Product2 WHERE (Name LIKE '%Endotoxin-Free%' AND Name LIKE '%Plasmid%' AND Name LIKE '%Kits%') AND IsActive = true LIMIT 5
[DEBUG] _search_product_direct: Fallback Querying 'Endotoxin-Free Plasmid Kits' (LOOSE) -> SELECT Id, Name, ProductCode, Family FROM Product2 WHERE (Name LIKE '%Endotoxin-Free%' OR Name LIKE '%Plasmid%' OR Name LIKE '%Kits%') AND IsActive = true LIMIT 500
[DEBUG] _search_product_direct: Found 3 matches for 'Endotoxin-Free Plasmid Kits'
[DEBUG] _search_product_direct: Querying 'Maxi Plasmid Purification Kits' (STRICT) -> SELECT Id, Name, ProductCode, Family FROM Product2 WHERE (Name LIKE '%Maxi%' AND Name LIKE '%Plasmid%' AND Name LIKE '%Purification%') AND IsActive = true LIMIT 5
[DEBUG] _search_product_direct: Found 1 matches for 'Maxi Plasmid Purification Kits'
[DEBUG] _search_product_direct: Querying 'UV-Vis Spectrophotometer' (STRICT) -> SELECT Id, Name, ProductCode, Family FROM Product2 WHERE (Name LIKE '%UV-Vis%' AND Name LIKE '%Spectrophotometer%') AND IsActive = true LIMIT 5
[DEBUG] _search_product_direct: Found 1 matches for 'UV-Vis Spectrophotometer'
[DEBUG] _search_product_direct: Querying 'Orbitrap Mass Spectrometer' (STRICT) -> SELECT Id, Name, ProductCode, Family FROM Product2 WHERE (Name LIKE '%Orbitrap%' AND Name LIKE '%Mass%' AND Name LIKE '%Spectrometer%') AND IsActive = true LIMIT 5
[DEBUG] _search_product_direct: Found 1 matches for 'Orbitrap Mass Spectrometer'
[DEBUG] _search_product_direct: Querying 'Flow Cytometer' (STRICT) -> SELECT Id, Name, ProductCode, Family FROM Product2 WHERE (Name LIKE '%Flow%' AND Name LIKE '%Cytometer%') AND IsActive = true LIMIT 5
[DEBUG] _search_product_direct: Found 3 matches for 'Flow Cytometer'
[DEBUG] _search_product_direct: Querying 'Cell Sorting Flow Cytometer' (STRICT) -> SELECT Id, Name, ProductCode, Family FROM Product2 WHERE (Name LIKE '%Cell%' AND Name LIKE '%Sorting%' AND Name LIKE '%Flow%') AND IsActive = true LIMIT 5
[DEBUG] _search_product_direct: Found 1 matches for 'Cell Sorting Flow Cytometer'
[DEBUG] _search_product_direct: Querying 'qPCR Probe Master Mix' (STRICT) -> SELECT Id, Name, ProductCode, Family FROM Product2 WHERE (Name LIKE '%qPCR%' AND Name LIKE '%Probe%' AND Name LIKE '%Master%') AND IsActive = true LIMIT 5
[DEBUG] _search_product_direct: Found 1 matches for 'qPCR Probe Master Mix'
[DEBUG] _search_product_direct: Querying 'DNA Extraction Kit – Blood' (STRICT) -> SELECT Id, Name, ProductCode, Family FROM Product2 WHERE (Name LIKE '%DNA%' AND Name LIKE '%Extraction%' AND Name LIKE '%Kit%') AND IsActive = true LIMIT 5
[DEBUG] _search_product_direct: Found 2 matches for 'DNA Extraction Kit – Blood'
[DEBUG] Mapping complete — 9 unique products found
[06/05/26 14:41:40] INFO     Processing request of type ListToolsRequest                                  server.py:727
[06/05/26 14:41:55] INFO     Processing request of type CallToolRequest                                   server.py:727
[06/05/26 14:42:08] INFO     Processing request of type CallToolRequest                                   server.py:727
[06/05/26 14:42:25] INFO     Processing request of type CallToolRequest                                   server.py:727
[DEBUG] _map_requirements_to_catalog: mapping 9 items
[DEBUG] _search_product_direct: Querying 'Plasmid DNA Purification Kits' (STRICT) -> SELECT Id, Name, ProductCode, Family FROM Product2 WHERE (Name LIKE '%Plasmid%' AND Name LIKE '%DNA%' AND Name LIKE '%Purification%') AND IsActive = true LIMIT 5
[DEBUG] _search_product_direct: Found 1 matches for 'Plasmid DNA Purification Kits'
[DEBUG] _search_product_direct: Querying 'Endotoxin-Free Plasmid Kits' (STRICT) -> SELECT Id, Name, ProductCode, Family FROM Product2 WHERE (Name LIKE '%Endotoxin-Free%' AND Name LIKE '%Plasmid%' AND Name LIKE '%Kits%') AND IsActive = true LIMIT 5
[DEBUG] _search_product_direct: Fallback Querying 'Endotoxin-Free Plasmid Kits' (LOOSE) -> SELECT Id, Name, ProductCode, Family FROM Product2 WHERE (Name LIKE '%Endotoxin-Free%' OR Name LIKE '%Plasmid%' OR Name LIKE '%Kits%') AND IsActive = true LIMIT 500
[DEBUG] _search_product_direct: Found 3 matches for 'Endotoxin-Free Plasmid Kits'
[DEBUG] _search_product_direct: Querying 'Maxi Plasmid Purification Kits' (STRICT) -> SELECT Id, Name, ProductCode, Family FROM Product2 WHERE (Name LIKE '%Maxi%' AND Name LIKE '%Plasmid%' AND Name LIKE '%Purification%') AND IsActive = true LIMIT 5
[DEBUG] _search_product_direct: Found 1 matches for 'Maxi Plasmid Purification Kits'
[DEBUG] _search_product_direct: Querying 'UV-Vis Spectrophotometer' (STRICT) -> SELECT Id, Name, ProductCode, Family FROM Product2 WHERE (Name LIKE '%UV-Vis%' AND Name LIKE '%Spectrophotometer%') AND IsActive = true LIMIT 5
[DEBUG] _search_product_direct: Found 1 matches for 'UV-Vis Spectrophotometer'
[DEBUG] _search_product_direct: Querying 'Orbitrap Mass Spectrometer' (STRICT) -> SELECT Id, Name, ProductCode, Family FROM Product2 WHERE (Name LIKE '%Orbitrap%' AND Name LIKE '%Mass%' AND Name LIKE '%Spectrometer%') AND IsActive = true LIMIT 5
[DEBUG] _search_product_direct: Found 1 matches for 'Orbitrap Mass Spectrometer'
[DEBUG] _search_product_direct: Querying 'Flow Cytometer' (STRICT) -> SELECT Id, Name, ProductCode, Family FROM Product2 WHERE (Name LIKE '%Flow%' AND Name LIKE '%Cytometer%') AND IsActive = true LIMIT 5
[DEBUG] _search_product_direct: Found 3 matches for 'Flow Cytometer'
[DEBUG] _search_product_direct: Querying 'Cell Culture Media – DMEM' (STRICT) -> SELECT Id, Name, ProductCode, Family FROM Product2 WHERE (Name LIKE '%Cell%' AND Name LIKE '%Culture%' AND Name LIKE '%Media%') AND IsActive = true LIMIT 5
[DEBUG] _search_product_direct: Found 2 matches for 'Cell Culture Media – DMEM'
[DEBUG] _search_product_direct: Querying 'Fetal Bovine Serum' (STRICT) -> SELECT Id, Name, ProductCode, Family FROM Product2 WHERE (Name LIKE '%Fetal%' AND Name LIKE '%Bovine%' AND Name LIKE '%Serum%') AND IsActive = true LIMIT 5
[DEBUG] _search_product_direct: Found 1 matches for 'Fetal Bovine Serum'
[DEBUG] Mapping complete — 6 unique products found
[06/03/26 22:02:45] INFO     Processing request of type ListToolsRequest                                  server.py:720
[06/03/26 22:02:59] INFO     Processing request of type CallToolRequest                                   server.py:720
[06/03/26 22:03:17] INFO     Processing request of type ListToolsRequest                                  server.py:720
[06/03/26 22:03:31] INFO     Processing request of type CallToolRequest                                   server.py:720
[06/03/26 22:03:51] INFO     Processing request of type ListToolsRequest                                  server.py:720
[06/03/26 22:04:05] INFO     Processing request of type CallToolRequest                                   server.py:720
[06/03/26 22:04:24] INFO     Processing request of type CallToolRequest                                   server.py:720
[06/03/26 22:05:10] INFO     Processing request of type ListToolsRequest                                  server.py:720
[06/03/26 22:30:01] INFO     Processing request of type ListToolsRequest                                  server.py:720
[06/03/26 22:30:19] INFO     Processing request of type CallToolRequest                                   server.py:720
[06/03/26 22:31:07] INFO     Processing request of type ListToolsRequest                                  server.py:720
[06/03/26 22:31:17] INFO     Processing request of type CallToolRequest                                   server.py:720
[06/03/26 22:31:53] INFO     Processing request of type ListToolsRequest                                  server.py:720
[06/03/26 22:32:07] INFO     Processing request of type CallToolRequest                                   server.py:720
[06/03/26 22:32:53] INFO     Processing request of type ListToolsRequest                                  server.py:720
[06/03/26 22:36:36] INFO     Processing request of type ListToolsRequest                                  server.py:720
[06/03/26 22:36:45] INFO     Processing request of type CallToolRequest                                   server.py:720
[06/03/26 22:37:47] INFO     Processing request of type ListToolsRequest                                  server.py:720
[06/03/26 22:38:17] INFO     Processing request of type ListToolsRequest                                  server.py:720
[06/03/26 22:38:33] INFO     Processing request of type CallToolRequest                                   server.py:720
[Twin Hunter] Salesforce Context: retrieved ThermoFisher context {"analysis_id": "twin_8be6726cfb", "mode": "icp_profile", "accounts": 23, "opportunities": 80, "target": null, "anchors": ["Pfizer", "Merck", "Moderna", "Roche", "Novartis"]}
[06/03/26 22:38:48] INFO     Processing request of type CallToolRequest                                   server.py:720
[06/03/26 22:39:39] INFO     Processing request of type CallToolRequest                                   server.py:720
[06/03/26 22:41:29] INFO     Processing request of type ListToolsRequest                                  server.py:720
[06/03/26 22:55:02] INFO     Processing request of type ListToolsRequest                                  server.py:720
[DEBUG] _map_requirements_to_catalog: mapping 6 items
[DEBUG] _search_product_direct: Querying 'PCR Master Mix' (STRICT) -> SELECT Id, Name, ProductCode, Family FROM Product2 WHERE (Name LIKE '%PCR%' AND Name LIKE '%Master%' AND Name LIKE '%Mix%') AND IsActive = true LIMIT 5
[DEBUG] _search_product_direct: Found 3 matches for 'PCR Master Mix'
[DEBUG] _search_product_direct: Querying 'qPCR SYBR Green Master Mix' (STRICT) -> SELECT Id, Name, ProductCode, Family FROM Product2 WHERE (Name LIKE '%qPCR%' AND Name LIKE '%SYBR%' AND Name LIKE '%Green%') AND IsActive = true LIMIT 5
[DEBUG] _search_product_direct: Found 1 matches for 'qPCR SYBR Green Master Mix'
[DEBUG] _search_product_direct: Querying 'NanoDrop Spectrophotometer' (STRICT) -> SELECT Id, Name, ProductCode, Family FROM Product2 WHERE (Name LIKE '%NanoDrop%' AND Name LIKE '%Spectrophotometer%') AND IsActive = true LIMIT 5
[DEBUG] _search_product_direct: Found 1 matches for 'NanoDrop Spectrophotometer'
[DEBUG] _search_product_direct: Querying 'Flow Cytometer' (STRICT) -> SELECT Id, Name, ProductCode, Family FROM Product2 WHERE (Name LIKE '%Flow%' AND Name LIKE '%Cytometer%') AND IsActive = true LIMIT 5
[DEBUG] _search_product_direct: Found 3 matches for 'Flow Cytometer'
[DEBUG] _search_product_direct: Querying 'Cell Culture Media – DMEM' (STRICT) -> SELECT Id, Name, ProductCode, Family FROM Product2 WHERE (Name LIKE '%Cell%' AND Name LIKE '%Culture%' AND Name LIKE '%Media%') AND IsActive = true LIMIT 5
[DEBUG] _search_product_direct: Found 2 matches for 'Cell Culture Media – DMEM'
[DEBUG] _search_product_direct: Querying 'Fetal Bovine Serum' (STRICT) -> SELECT Id, Name, ProductCode, Family FROM Product2 WHERE (Name LIKE '%Fetal%' AND Name LIKE '%Bovine%' AND Name LIKE '%Serum%') AND IsActive = true LIMIT 5
[DEBUG] _search_product_direct: Found 1 matches for 'Fetal Bovine Serum'
[DEBUG] Mapping complete — 6 unique products found
[06/03/26 22:56:46] INFO     Processing request of type ListToolsRequest                                  server.py:720
[06/03/26 22:56:56] INFO     Processing request of type CallToolRequest                                   server.py:720
[06/03/26 22:57:09] INFO     Processing request of type CallToolRequest                                   server.py:720
[06/03/26 22:57:25] INFO     Processing request of type CallToolRequest                                   server.py:720
[DEBUG] _map_requirements_to_catalog: mapping 6 items
[DEBUG] _search_product_direct: Querying 'PCR Master Mix' (STRICT) -> SELECT Id, Name, ProductCode, Family FROM Product2 WHERE (Name LIKE '%PCR%' AND Name LIKE '%Master%' AND Name LIKE '%Mix%') AND IsActive = true LIMIT 5
[DEBUG] _search_product_direct: Found 3 matches for 'PCR Master Mix'
[DEBUG] _search_product_direct: Querying 'qPCR SYBR Green Master Mix' (STRICT) -> SELECT Id, Name, ProductCode, Family FROM Product2 WHERE (Name LIKE '%qPCR%' AND Name LIKE '%SYBR%' AND Name LIKE '%Green%') AND IsActive = true LIMIT 5
[DEBUG] _search_product_direct: Found 1 matches for 'qPCR SYBR Green Master Mix'
[DEBUG] _search_product_direct: Querying 'NanoDrop Spectrophotometer' (STRICT) -> SELECT Id, Name, ProductCode, Family FROM Product2 WHERE (Name LIKE '%NanoDrop%' AND Name LIKE '%Spectrophotometer%') AND IsActive = true LIMIT 5
[DEBUG] _search_product_direct: Found 1 matches for 'NanoDrop Spectrophotometer'
[DEBUG] _search_product_direct: Querying 'Flow Cytometer' (STRICT) -> SELECT Id, Name, ProductCode, Family FROM Product2 WHERE (Name LIKE '%Flow%' AND Name LIKE '%Cytometer%') AND IsActive = true LIMIT 5
[DEBUG] _search_product_direct: Found 3 matches for 'Flow Cytometer'
[DEBUG] _search_product_direct: Querying 'Cell Culture Media – DMEM' (STRICT) -> SELECT Id, Name, ProductCode, Family FROM Product2 WHERE (Name LIKE '%Cell%' AND Name LIKE '%Culture%' AND Name LIKE '%Media%') AND IsActive = true LIMIT 5
[DEBUG] _search_product_direct: Found 2 matches for 'Cell Culture Media – DMEM'
[DEBUG] _search_product_direct: Querying 'Fetal Bovine Serum' (STRICT) -> SELECT Id, Name, ProductCode, Family FROM Product2 WHERE (Name LIKE '%Fetal%' AND Name LIKE '%Bovine%' AND Name LIKE '%Serum%') AND IsActive = true LIMIT 5
[DEBUG] _search_product_direct: Found 1 matches for 'Fetal Bovine Serum'
[DEBUG] Mapping complete — 6 unique products found
[06/03/26 22:58:08] INFO     Processing request of type ListToolsRequest                                  server.py:720
[06/03/26 22:58:22] INFO     Processing request of type CallToolRequest                                   server.py:720
[06/03/26 22:58:42] INFO     Processing request of type ListToolsRequest                                  server.py:720
[06/03/26 22:58:55] INFO     Processing request of type CallToolRequest                                   server.py:720
[06/03/26 22:59:18] INFO     Processing request of type ListToolsRequest                                  server.py:720
[06/03/26 22:59:32] INFO     Processing request of type CallToolRequest                                   server.py:720
[06/03/26 22:59:57] INFO     Processing request of type CallToolRequest                                   server.py:720
[06/03/26 23:00:46] INFO     Processing request of type ListToolsRequest                                  server.py:720
[06/03/26 23:02:01] INFO     Processing request of type ListToolsRequest                                  server.py:720
[06/03/26 23:06:21] WARNING  Tool already exists:            tool_manager.py:70
                             get_my_accounts                                   
                    WARNING  Tool already exists:            tool_manager.py:70
                             get_opportunities_for_account                     
                    WARNING  Tool already exists:            tool_manager.py:70
                             get_my_accounts                                   
[06/03/26 23:06:49] WARNING  Tool already exists:            tool_manager.py:70
                             get_my_accounts                                   
                    WARNING  Tool already exists:            tool_manager.py:70
                             get_opportunities_for_account                     
                    WARNING  Tool already exists:            tool_manager.py:70
                             get_my_accounts                                   
[06/03/26 23:09:32] INFO     Processing request of type           server.py:720
                             ListToolsRequest                                  
[06/03/26 23:10:11] INFO     Processing request of type           server.py:720
                             ListToolsRequest                                  
[06/03/26 23:10:25] INFO     Processing request of type           server.py:720
                             CallToolRequest                                   
[06/03/26 23:10:37] INFO     Processing request of type           server.py:720
                             CallToolRequest                                   
[06/03/26 23:11:36] INFO     Processing request of type           server.py:720
                             ListToolsRequest                                  
[06/03/26 23:11:47] INFO     Processing request of type           server.py:720
                             CallToolRequest                                   
[06/03/26 23:12:06] INFO     Processing request of type           server.py:720
                             ListToolsRequest                                  
[06/03/26 23:12:18] INFO     Processing request of type           server.py:720
                             CallToolRequest                                   
[06/03/26 23:12:36] INFO     Processing request of type           server.py:720
                             ListToolsRequest                                  
[06/03/26 23:12:50] INFO     Processing request of type           server.py:720
                             CallToolRequest                                   
[06/03/26 23:13:07] INFO     Processing request of type           server.py:720
                             CallToolRequest                                   
[06/03/26 23:13:49] INFO     Processing request of type           server.py:720
                             ListToolsRequest                                  
[06/03/26 23:14:00] INFO     Processing request of type           server.py:720
                             CallToolRequest                                   
[06/03/26 23:14:46] INFO     Processing request of type           server.py:720
                             ListToolsRequest                                  
[06/03/26 23:14:59] INFO     Processing request of type           server.py:720
                             CallToolRequest                                   
[06/03/26 23:15:57] INFO     Processing request of type           server.py:720
                             ListToolsRequest                                  
[06/03/26 23:16:09] INFO     Processing request of type           server.py:720
                             CallToolRequest                                   
[06/03/26 23:22:37] INFO     Processing request of type           server.py:720
                             ListToolsRequest                                  
[06/10/26 11:26:24] WARNING  Tool already exists:            tool_manager.py:70
                             get_my_accounts                                   
                    WARNING  Tool already exists:            tool_manager.py:70
                             get_opportunities_for_account                     
                    WARNING  Tool already exists:            tool_manager.py:70
                             resolve_pricebook_entries                         
                    WARNING  Tool already exists:            tool_manager.py:70
                             get_my_accounts                                   
                    WARNING  Tool already exists:            tool_manager.py:70
                             get_my_accounts                                   
[06/10/26 11:26:37] WARNING  Tool already exists:            tool_manager.py:70
                             get_my_accounts                                   
                    WARNING  Tool already exists:            tool_manager.py:70
                             get_opportunities_for_account                     
                    WARNING  Tool already exists:            tool_manager.py:70
                             resolve_pricebook_entries                         
                    WARNING  Tool already exists:            tool_manager.py:70
                             get_my_accounts                                   
                    WARNING  Tool already exists:            tool_manager.py:70
                             get_my_accounts                                   
[06/10/26 11:26:51] WARNING  Tool already exists:            tool_manager.py:70
                             get_my_accounts                                   
                    WARNING  Tool already exists:            tool_manager.py:70
                             get_opportunities_for_account                     
                    WARNING  Tool already exists:            tool_manager.py:70
                             resolve_pricebook_entries                         
                    WARNING  Tool already exists:            tool_manager.py:70
                             get_my_accounts                                   
                    WARNING  Tool already exists:            tool_manager.py:70
                             get_my_accounts                                   
[DEBUG] Ambiguous account name search: 'SFC' matches ['SFC Contracting PLC', 'SFC Contracting Plus PLC', 'SFC Partners']
[06/10/26 11:57:00] WARNING  Tool already exists:            tool_manager.py:70
                             get_my_accounts                                   
                    WARNING  Tool already exists:            tool_manager.py:70
                             get_opportunities_for_account                     
                    WARNING  Tool already exists:            tool_manager.py:70
                             resolve_pricebook_entries                         
                    WARNING  Tool already exists:            tool_manager.py:70
                             get_my_accounts                                   
                    WARNING  Tool already exists:            tool_manager.py:70
                             get_my_accounts                                   
[DEBUG] Ambiguous account name search: 'SFC' matches ['SFC Contracting PLC', 'SFC Contracting Plus PLC', 'SFC Partners']
[06/10/26 11:57:17] WARNING  Tool already exists:            tool_manager.py:70
                             get_my_accounts                                   
                    WARNING  Tool already exists:            tool_manager.py:70
                             get_opportunities_for_account                     
                    WARNING  Tool already exists:            tool_manager.py:70
                             resolve_pricebook_entries                         
                    WARNING  Tool already exists:            tool_manager.py:70
                             get_my_accounts                                   
                    WARNING  Tool already exists:            tool_manager.py:70
                             get_my_accounts                                   
[DEBUG] Ambiguous account name search: 'SFC' matches ['SFC Contracting PLC', 'SFC Contracting Plus PLC', 'SFC Partners']
[06/10/26 11:57:46] WARNING  Tool already exists:            tool_manager.py:70
                             get_my_accounts                                   
                    WARNING  Tool already exists:            tool_manager.py:70
                             get_opportunities_for_account                     
                    WARNING  Tool already exists:            tool_manager.py:70
                             resolve_pricebook_entries                         
                    WARNING  Tool already exists:            tool_manager.py:70
                             get_my_accounts                                   
                    WARNING  Tool already exists:            tool_manager.py:70
                             get_my_accounts                                   
[DEBUG] Ambiguous account name search: 'SFC' matches ['SFC Contracting PLC', 'SFC Contracting Plus PLC', 'SFC Partners']
[06/10/26 12:02:57] INFO     Processing request of type ListToolsRequest                                  server.py:720
[06/10/26 12:03:07] INFO     Processing request of type CallToolRequest                                   server.py:720
[06/10/26 12:03:18] INFO     Processing request of type CallToolRequest                                   server.py:720
[06/10/26 12:04:10] INFO     Processing request of type ListToolsRequest                                  server.py:720
[06/10/26 12:04:21] INFO     Processing request of type CallToolRequest                                   server.py:720
[06/10/26 12:05:10] INFO     Processing request of type ListToolsRequest                                  server.py:720
[06/10/26 12:05:21] INFO     Processing request of type CallToolRequest                                   server.py:720
[06/10/26 12:05:40] INFO     Processing request of type ListToolsRequest                                  server.py:720
[06/10/26 12:05:53] INFO     Processing request of type CallToolRequest                                   server.py:720
[06/10/26 12:06:11] INFO     Processing request of type CallToolRequest                                   server.py:720
[DEBUG] Successfully retrieved QuoteNumber: 00000516 on attempt 1
[06/10/26 12:07:01] INFO     Processing request of type ListToolsRequest                                  server.py:720
[06/10/26 12:07:14] INFO     Processing request of type CallToolRequest                                   server.py:720
[06/10/26 12:09:48] WARNING  Tool already exists:            tool_manager.py:70
                             get_my_accounts                                   
                    WARNING  Tool already exists:            tool_manager.py:70
                             get_opportunities_for_account                     
                    WARNING  Tool already exists:            tool_manager.py:70
                             resolve_pricebook_entries                         
                    WARNING  Tool already exists:            tool_manager.py:70
                             get_my_accounts                                   
                    WARNING  Tool already exists:            tool_manager.py:70
                             get_my_accounts                                   
[06/10/26 12:25:13] INFO     Processing request of type ListToolsRequest                                  server.py:720
[06/10/26 12:25:24] INFO     Processing request of type CallToolRequest                                   server.py:720
[06/10/26 12:25:41] INFO     Processing request of type CallToolRequest                                   server.py:720
[06/10/26 12:27:16] INFO     Processing request of type ListToolsRequest                                  server.py:720
[06/10/26 12:27:29] INFO     Processing request of type CallToolRequest                                   server.py:720
[06/10/26 12:28:06] INFO     Processing request of type ListToolsRequest                                  server.py:720
[06/10/26 12:28:20] INFO     Processing request of type CallToolRequest                                   server.py:720
[06/10/26 12:29:02] INFO     Processing request of type ListToolsRequest                                  server.py:720
[06/10/26 12:29:17] INFO     Processing request of type CallToolRequest                                   server.py:720
[06/10/26 12:29:39] INFO     Processing request of type CallToolRequest                                   server.py:720
[DEBUG] Successfully retrieved QuoteNumber: 00000517 on attempt 1
[06/10/26 12:30:37] INFO     Processing request of type ListToolsRequest                                  server.py:720
[06/10/26 12:30:51] INFO     Processing request of type CallToolRequest                                   server.py:720
[06/10/26 12:32:34] INFO     Processing request of type ListToolsRequest                                  server.py:720
[06/10/26 12:40:16] INFO     Processing request of type ListToolsRequest                                  server.py:720
[06/10/26 12:40:45] INFO     Processing request of type CallToolRequest                                   server.py:720
[06/10/26 12:51:02] WARNING  Tool already exists:            tool_manager.py:70
                             get_my_accounts                                   
                    WARNING  Tool already exists:            tool_manager.py:70
                             get_opportunities_for_account                     
                    WARNING  Tool already exists:            tool_manager.py:70
                             resolve_pricebook_entries                         
                    WARNING  Tool already exists:            tool_manager.py:70
                             get_my_accounts                                   
                    WARNING  Tool already exists:            tool_manager.py:70
                             get_my_accounts                                   
[06/10/26 12:53:28] WARNING  Tool already exists:            tool_manager.py:70
                             get_my_accounts                                   
                    WARNING  Tool already exists:            tool_manager.py:70
                             get_opportunities_for_account                     
                    WARNING  Tool already exists:            tool_manager.py:70
                             resolve_pricebook_entries                         
                    WARNING  Tool already exists:            tool_manager.py:70
                             get_my_accounts                                   
                    WARNING  Tool already exists:            tool_manager.py:70
                             get_my_accounts                                   
[06/10/26 12:56:28] WARNING  Tool already exists:            tool_manager.py:70
                             get_my_accounts                                   
                    WARNING  Tool already exists:            tool_manager.py:70
                             get_opportunities_for_account                     
                    WARNING  Tool already exists:            tool_manager.py:70
                             resolve_pricebook_entries                         
                    WARNING  Tool already exists:            tool_manager.py:70
                             get_my_accounts                                   
                    WARNING  Tool already exists:            tool_manager.py:70
                             get_my_accounts                                   
[06/17/26 20:36:15] INFO     Processing request of type ListToolsRequest                                  server.py:720
[06/17/26 20:36:24] INFO     Processing request of type CallToolRequest                                   server.py:720
[06/17/26 20:36:31] INFO     Processing request of type CallToolRequest                                   server.py:720
[06/17/26 20:37:44] INFO     Processing request of type ListToolsRequest                                  server.py:720
[06/17/26 20:37:50] INFO     Processing request of type CallToolRequest                                   server.py:720
[06/17/26 20:38:10] INFO     Processing request of type ListToolsRequest                                  server.py:720
[06/17/26 20:38:18] INFO     Processing request of type CallToolRequest                                   server.py:720
[06/17/26 20:38:28] INFO     Processing request of type ListToolsRequest                                  server.py:720
[06/17/26 20:38:38] INFO     Processing request of type CallToolRequest                                   server.py:720
[06/17/26 20:38:52] INFO     Processing request of type CallToolRequest                                   server.py:720
[DEBUG] Successfully retrieved QuoteNumber: 00000527 on attempt 1
[06/17/26 20:39:25] INFO     Processing request of type ListToolsRequest                                  server.py:720
[06/17/26 20:39:37] INFO     Processing request of type CallToolRequest                                   server.py:720
[06/17/26 20:41:52] INFO     Processing request of type ListToolsRequest                                  server.py:720
[06/17/26 20:42:47] INFO     Processing request of type ListToolsRequest                                  server.py:720
[06/17/26 20:43:06] INFO     Processing request of type CallToolRequest                                   server.py:720
[06/17/26 20:45:44] INFO     Processing request of type ListToolsRequest                                  server.py:720
[06/17/26 20:47:34] INFO     Processing request of type ListToolsRequest                                  server.py:720
[06/17/26 20:47:42] INFO     Processing request of type CallToolRequest                                   server.py:720
[06/17/26 20:48:59] INFO     Processing request of type ListToolsRequest                                  server.py:720
[06/17/26 20:50:52] INFO     Processing request of type ListToolsRequest                                  server.py:720
[DEBUG] Ambiguous account name search: '' matches ['SFC Partners', 'SFC Contracting PLC', 'SFC Contracting Plus PLC', 'Any Partner Inc', 'Global Excel']
[06/17/26 20:52:40] INFO     Processing request of type ListToolsRequest                                  server.py:720
[DEBUG] Ambiguous account name search: '' matches ['SFC Partners', 'SFC Contracting PLC', 'SFC Contracting Plus PLC', 'Any Partner Inc', 'Global Excel']
[06/17/26 20:53:57] INFO     Processing request of type ListToolsRequest                                  server.py:720
[06/17/26 20:54:09] INFO     Processing request of type CallToolRequest                                   server.py:720
[06/17/26 20:54:18] INFO     Processing request of type CallToolRequest                                   server.py:720
[06/17/26 20:55:33] INFO     Processing request of type ListToolsRequest                                  server.py:720
[06/17/26 20:55:45] INFO     Processing request of type CallToolRequest                                   server.py:720
[06/17/26 20:56:24] INFO     Processing request of type ListToolsRequest                                  server.py:720
[06/17/26 20:56:35] INFO     Processing request of type CallToolRequest                                   server.py:720
[06/17/26 20:56:56] INFO     Processing request of type ListToolsRequest                                  server.py:720
[06/17/26 20:57:11] INFO     Processing request of type CallToolRequest                                   server.py:720
[06/17/26 20:57:28] INFO     Processing request of type CallToolRequest                                   server.py:720
[DEBUG] Successfully retrieved QuoteNumber: 00000528 on attempt 1
[06/17/26 20:57:59] INFO     Processing request of type ListToolsRequest                                  server.py:720
[06/17/26 20:58:08] INFO     Processing request of type CallToolRequest                                   server.py:720
[06/17/26 21:00:39] INFO     Processing request of type ListToolsRequest                                  server.py:720
Processing request of type ListToolsRequest

[DEBUG] parse_requirements_doc: Processing 1106 characters...
[DEBUG] Calling Gemini directly for document parsing via Pydantic schema...
[DEBUG] _call_gemini_direct: Calling Gemini via official Client...
[DEBUG] _call_gemini_direct: Call succeeded.
[DEBUG] Gemini extracted 9 items.
[DEBUG] Extraction complete. Total unique requirements: 9
[DEBUG] _map_requirements_to_catalog: mapping 9 items via Composite Batch API
[DEBUG] _batch_search_salesforce: Sending batch of 9 queries...
[DEBUG] _batch_search_salesforce: Sending batch of 1 queries...
[DEBUG] Mapping complete — 9 unique products found
Processing request of type ListToolsRequest
Processing request of type CallToolRequest
Processing request of type CallToolRequest
Processing request of type CallToolRequest
[DEBUG] _map_requirements_to_catalog: mapping 9 items via Composite Batch API
[DEBUG] _batch_search_salesforce: Sending batch of 9 queries...
[DEBUG] _batch_search_salesforce: Sending batch of 1 queries...
[DEBUG] Mapping complete — 9 unique products found
Processing request of type ListToolsRequest
Processing request of type CallToolRequest
Processing request of type ListToolsRequest
Processing request of type CallToolRequest
Processing request of type ListToolsRequest
Processing request of type CallToolRequest
Processing request of type CallToolRequest
[DEBUG] Successfully retrieved QuoteNumber: 00000529 on attempt 1
Processing request of type ListToolsRequest
Processing request of type CallToolRequest
Processing request of type ListToolsRequest
Processing request of type ListToolsRequest
Processing request of type CallToolRequest
[Twin Hunter] context loaded: analysis_id=twin_5accd47fa0 mode=single_account accounts=34 opps=113
Processing request of type CallToolRequest
[Twin Hunter] Tavily research complete: 12 results
Processing request of type CallToolRequest
[Twin Hunter] build_twin_cards complete: 6 cards (analysis_id=twin_5accd47fa0 evicted)
Processing request of type ListToolsRequest
Processing request of type CallToolRequest
[Twin Hunter] context loaded: analysis_id=twin_4cf881173d mode=icp_profile accounts=34 opps=113
Processing request of type CallToolRequest
[Twin Hunter] Tavily research complete: 12 results
Processing request of type CallToolRequest
[Twin Hunter] build_twin_cards complete: 6 cards (analysis_id=twin_4cf881173d evicted)
